load,apparent_temperature,temperature,humidity,dew_point,wind_speed,cloud_cover,hour,day,month,dayofweek,is_weekend
2025.9678,31.458,31.458,0.441,16.569,0.1365,0.462,0,16,5,3,0
1973.7107,31.371375,31.371375,0.443625,16.55325,0.168,0.462,0,16,5,3,0
1952.2169,31.28475,31.28475,0.44625,16.5375,0.1995,0.462,0,16,5,3,0
1952.2169,31.198125,31.198125,0.448875,16.52175,0.231,0.462,0,16,5,3,0
1884.1617,31.1115,31.1115,0.4515,16.506,0.2625,0.462,1,16,5,3,0
1885.5612,31.219125,31.145625,0.45675,16.7475,0.29925,0.462,1,16,5,3,0
1894.9697,31.32675,31.17975,0.462,16.989,0.336,0.462,1,16,5,3,0
1897.3314,31.434375,31.213875,0.46725,17.2305,0.37275,0.462,1,16,5,3,0
1935.5742,31.542,31.248,0.4725,17.472,0.4095,0.462,2,16,5,3,0
1970.9275,31.6575,31.2585,0.480375,17.72925,0.4095,0.462,2,16,5,3,0
1967.1902,31.773,31.269,0.48825,17.9865,0.4095,0.462,2,16,5,3,0
1980.0807,31.8885,31.2795,0.496125,18.24375,0.4095,0.462,2,16,5,3,0
1963.4565,32.004,31.29,0.504,18.501,0.4095,0.462,3,16,5,3,0
1951.7126,31.9725,31.255875,0.506625,18.50625,0.37275,0.462,3,16,5,3,0
1951.7126,31.941,31.22175,0.50925,18.5115,0.336,0.462,3,16,5,3,0
1949.351,31.9095,31.187625,0.511875,18.51675,0.29925,0.462,3,16,5,3,0
1913.251,31.878,31.1535,0.5145,18.522,0.2625,0.462,4,16,5,3,0
1872.4968,31.628625,30.891,0.522375,18.535125,1.152375,0.462,4,16,5,3,0
1792.8649,31.37925,30.6285,0.53025,18.54825,2.04225,0.462,4,16,5,3,0
1783.5632,31.129875,30.366,0.538125,18.561375,2.932125,0.462,4,16,5,3,0
1744.3104,30.8805,30.1035,0.546,18.5745,3.822,0.462,5,16,5,3,0
1764.9952,30.597,29.791125,0.5565,18.598125,4.475625,0.501375,5,16,5,3,0
1726.2865,30.3135,29.47875,0.567,18.62175,5.12925,0.54075,5,16,5,3,0
1677.8899,30.03,29.166375,0.5775,18.645375,5.782875,0.580125,5,16,5,3,0
1589.9001,29.7465,28.854,0.588,18.669,6.4365,0.6195,6,16,5,3,0
1592.0355,29.5365,28.604625,0.5985,18.7845,5.882625,0.679875,6,16,5,3,0
1598.684,29.3265,28.35525,0.609,18.9,5.32875,0.74025,6,16,5,3,0
1633.0393,29.1165,28.105875,0.6195,19.0155,4.774875,0.800625,6,16,5,3,0
1511.0184,28.9065,27.8565,0.63,19.131,4.221,0.861,7,16,5,3,0
1465.9297,28.4025,27.51525,0.653625,19.36725,3.698625,0.87675,7,16,5,3,0
1514.7491,27.8985,27.174,0.67725,19.6035,3.17625,0.8925,7,16,5,3,0
1503.4512,27.3945,26.83275,0.700875,19.83975,2.653875,0.90825,7,16,5,3,0
1458.1687,26.8905,26.4915,0.7245,20.076,2.1315,0.924,8,16,5,3,0
1474.999,26.919375,26.504625,0.72975,20.215125,1.766625,0.90825,8,16,5,3,0
1481.9204,26.94825,26.51775,0.735,20.35425,1.40175,0.8925,8,16,5,3,0
1484.3394,26.977125,26.530875,0.74025,20.493375,1.036875,0.87675,8,16,5,3,0
1546.1237,27.006,26.544,0.7455,20.6325,0.672,0.861,9,16,5,3,0
1604.5344,27.911625,27.171375,0.721875,20.650875,0.56175,0.82425,9,16,5,3,0
1656.3265,28.81725,27.79875,0.69825,20.66925,0.4515,0.7875,9,16,5,3,0
1632.2665,29.722875,28.426125,0.674625,20.687625,0.34125,0.75075,9,16,5,3,0
1698.9231,30.6285,29.0535,0.651,20.706,0.231,0.714,10,16,5,3,0
1711.6426,31.31625,29.738625,0.62475,20.587875,0.4095,0.693,10,16,5,3,0
1733.8762,32.004,30.42375,0.5985,20.46975,0.588,0.672,10,16,5,3,0
1747.2571,32.69175,31.108875,0.57225,20.351625,0.7665,0.651,10,16,5,3,0
1736.2493,33.3795,31.794,0.546,20.2335,0.945,0.63,11,16,5,3,0
1708.5339,33.8205,32.34,0.522375,19.973625,1.21275,0.63,11,16,5,3,0
1713.2339,34.2615,32.886,0.49875,19.71375,1.4805,0.63,11,16,5,3,0
1713.679,34.7025,33.432,0.475125,19.453875,1.74825,0.63,11,16,5,3,0
1705.5927,35.1435,33.978,0.4515,19.194,2.016,0.63,12,16,5,3,0
1710.3652,35.3325,34.3455,0.433125,18.80025,2.23125,0.609,12,16,5,3,0
1708.5833,35.5215,34.713,0.41475,18.4065,2.4465,0.588,12,16,5,3,0
1701.2399,35.7105,35.0805,0.396375,18.01275,2.66175,0.567,12,16,5,3,0
1685.0883,35.8995,35.448,0.378,17.619,2.877,0.546,13,16,5,3,0
1685.0883,35.9835,35.534625,0.378,17.5875,2.94,0.543375,13,16,5,3,0
1689.9556,36.0675,35.62125,0.378,17.556,3.003,0.54075,13,16,5,3,0
1699.0288,36.1515,35.707875,0.378,17.5245,3.066,0.538125,13,16,5,3,0
1703.7637,36.2355,35.7945,0.378,17.493,3.129,0.5355,14,16,5,3,0
1703.039,36.3405,35.69475,0.3885,17.889375,3.094875,0.553875,14,16,5,3,0
1708.9641,36.4455,35.595,0.399,18.28575,3.06075,0.57225,14,16,5,3,0
1699.8909,36.5505,35.49525,0.4095,18.682125,3.026625,0.590625,14,16,5,3,0
1695.0236,36.6555,35.3955,0.42,19.0785,2.9925,0.609,15,16,5,3,0
1710.2764,36.60825,35.30625,0.42525,19.16775,3.173625,0.609,15,16,5,3,0
1710.2689,36.561,35.217,0.4305,19.257,3.35475,0.609,15,16,5,3,0
1710.2689,36.51375,35.12775,0.43575,19.34625,3.535875,0.609,15,16,5,3,0
1709.6443,36.4665,35.0385,0.441,19.4355,3.717,0.609,16,16,5,3,0
1709.6443,36.558375,35.041125,0.443625,19.56675,3.71175,0.590625,16,16,5,3,0
1709.6443,36.65025,35.04375,0.44625,19.698,3.7065,0.57225,16,16,5,3,0
1728.2443,36.742125,35.046375,0.448875,19.82925,3.70125,0.553875,16,16,5,3,0
1725.5372,36.834,35.049,0.4515,19.9605,3.696,0.5355,17,16,5,3,0
1740.9519,36.77625,34.88625,0.459375,20.152125,3.604125,0.49875,17,16,5,3,0
1802.726,36.7185,34.7235,0.46725,20.34375,3.51225,0.462,17,16,5,3,0
1754.2701,36.66075,34.56075,0.475125,20.535375,3.420375,0.42525,17,16,5,3,0
1772.7119,36.603,34.398,0.483,20.727,3.3285,0.3885,18,16,5,3,0
1770.3058,36.505875,34.36125,0.483,20.645625,3.231375,0.357,18,16,5,3,0
1769.001,36.40875,34.3245,0.483,20.56425,3.13425,0.3255,18,16,5,3,0
1769.001,36.311625,34.28775,0.483,20.482875,3.037125,0.294,18,16,5,3,0
1794.8174,36.2145,34.251,0.483,20.4015,2.94,0.2625,19,16,5,3,0
1773.8561,35.833875,34.306125,0.462,19.616625,2.919,0.24675,19,16,5,3,0
1768.8699,35.45325,34.36125,0.441,18.83175,2.898,0.231,19,16,5,3,0
1753.7046,35.072625,34.416375,0.42,18.046875,2.877,0.21525,19,16,5,3,0
1815.4838,34.692,34.4715,0.399,17.262,2.856,0.1995,20,16,5,3,0
1794.8898,34.626375,34.461,0.38325,16.56375,2.659125,0.1995,20,16,5,3,0
1764.3207,34.56075,34.4505,0.3675,15.8655,2.46225,0.1995,20,16,5,3,0
1751.0524,34.495125,34.44,0.35175,15.16725,2.265375,0.1995,20,16,5,3,0
1917.399,34.4295,34.4295,0.336,14.469,2.0685,0.1995,21,16,5,3,0
1917.399,34.3455,34.3455,0.338625,14.497875,1.764,0.1785,21,16,5,3,0
1917.399,34.2615,34.2615,0.34125,14.52675,1.4595,0.1575,21,16,5,3,0
1897.2596,34.1775,34.1775,0.343875,14.555625,1.155,0.1365,21,16,5,3,0
2175.025,34.0935,34.0935,0.3465,14.5845,0.8505,0.1155,22,16,5,3,0
2162.826,33.90975,33.90975,0.349125,14.6055,0.65625,0.0945,22,16,5,3,0
2144.4177,33.726,33.726,0.35175,14.6265,0.462,0.0735,22,16,5,3,0
2133.7637,33.54225,33.54225,0.354375,14.6475,0.26775,0.0525,22,16,5,3,0
2206.3633,33.3585,33.3585,0.357,14.6685,0.0735,0.0315,23,16,5,3,0
2138.4348,33.6,31.3425,0.525,19.425,2.163,0.315,23,16,5,3,0
2136.073,33.6,31.185,0.525,19.215,2.163,0.294,23,16,5,3,0
2125.4187,33.3375,31.0275,0.525,19.005,2.163,0.3045,23,16,5,3,0
1980.4076,31.773,31.773,0.42,15.708,0.105,0.021,0,17,5,4,0
2004.419,31.649625,31.649625,0.42525,15.8025,0.102375,0.042,0,17,5,4,0
2004.1185,31.52625,31.52625,0.4305,15.897,0.09975,0.063,0,17,5,4,0
1962.4058,31.402875,31.402875,0.43575,15.9915,0.097125,0.084,0,17,5,4,0
1906.7662,31.2795,31.2795,0.441,16.086,0.0945,0.105,1,17,5,4,0
1901.0682,31.030125,31.01175,0.448875,16.1805,0.09975,0.128625,1,17,5,4,0
1884.5844,30.78075,30.744,0.45675,16.275,0.105,0.15225,1,17,5,4,0
1876.4327,30.531375,30.47625,0.464625,16.3695,0.11025,0.175875,1,17,5,4,0
1816.1089,30.282,30.2085,0.4725,16.464,0.1155,0.1995,2,17,5,4,0
1818.9242,30.184875,30.090375,0.475125,16.461375,0.160125,0.231,2,17,5,4,0
1814.3712,30.08775,29.97225,0.47775,16.45875,0.20475,0.2625,2,17,5,4,0
1814.3712,29.990625,29.854125,0.480375,16.456125,0.249375,0.294,2,17,5,4,0
1761.6067,29.8935,29.736,0.483,16.4535,0.294,0.3255,3,17,5,4,0
1761.6067,29.922375,29.76225,0.483,16.482375,0.44625,0.359625,3,17,5,4,0
1764.0128,29.95125,29.7885,0.483,16.51125,0.5985,0.39375,3,17,5,4,0
1780.5264,29.980125,29.81475,0.483,16.540125,0.75075,0.427875,3,17,5,4,0
1754.576,30.009,29.841,0.483,16.569,0.903,0.462,4,17,5,4,0
1734.9158,29.9355,29.738625,0.48825,16.613625,0.821625,0.427875,4,17,5,4,0
1740.6606,29.862,29.63625,0.4935,16.65825,0.74025,0.39375,4,17,5,4,0
1729.4646,29.7885,29.533875,0.49875,16.702875,0.658875,0.359625,4,17,5,4,0
1667.628,29.715,29.4315,0.504,16.7475,0.5775,0.3255,5,17,5,4,0
1628.8234,29.57325,29.250375,0.50925,16.771125,1.220625,0.3255,5,17,5,4,0
1615.2605,29.4315,29.06925,0.5145,16.79475,1.86375,0.3255,5,17,5,4,0
1616.6221,29.28975,28.888125,0.51975,16.818375,2.506875,0.3255,5,17,5,4,0
1574.0106,29.148,28.707,0.525,16.842,3.15,0.3255,6,17,5,4,0
1552.1034,29.103375,28.546875,0.543375,17.25675,3.045,0.399,6,17,5,4,0
1551.9424,29.05875,28.38675,0.56175,17.6715,2.94,0.4725,6,17,5,4,0
1556.0242,29.014125,28.226625,0.580125,18.08625,2.835,0.546,6,17,5,4,0
1548.3333,28.9695,28.0665,0.5985,18.501,2.73,0.6195,7,17,5,4,0
1548.3333,29.0535,28.027125,0.622125,19.0365,2.527875,0.6615,7,17,5,4,0
1581.2601,29.1375,27.98775,0.64575,19.572,2.32575,0.7035,7,17,5,4,0
1580.0748,29.2215,27.948375,0.669375,20.1075,2.123625,0.7455,7,17,5,4,0
1629.4073,29.3055,27.909,0.693,20.643,1.9215,0.7875,8,17,5,4,0
1596.9052,29.691375,28.205625,0.685125,20.761125,1.9635,0.7455,8,17,5,4,0
1597.8177,30.07725,28.50225,0.67725,20.87925,2.0055,0.7035,8,17,5,4,0
1631.6992,30.463125,28.798875,0.669375,20.997375,2.0475,0.6615,8,17,5,4,0
1643.004,30.849,29.0955,0.6615,21.1155,2.0895,0.6195,9,17,5,4,0
1666.571,31.612875,29.73075,0.643125,21.1785,1.819125,0.546,9,17,5,4,0
1683.2582,32.37675,30.366,0.62475,21.2415,1.54875,0.4725,9,17,5,4,0
1687.7628,33.140625,31.00125,0.606375,21.3045,1.278375,0.399,9,17,5,4,0
1746.7491,33.9045,31.6365,0.588,21.3675,1.008,0.3255,10,17,5,4,0
1779.2911,34.1145,32.206125,0.55125,20.66925,0.90825,0.294,10,17,5,4,0
1806.7362,34.3245,32.77575,0.5145,19.971,0.8085,0.2625,10,17,5,4,0
1811.0817,34.5345,33.345375,0.47775,19.27275,0.70875,0.231,10,17,5,4,0
1835.8406,34.7445,33.915,0.441,18.5745,0.609,0.1995,11,17,5,4,0
1773.6118,35.112,34.348125,0.42525,18.375,1.199625,0.1995,11,17,5,4,0
1768.0796,35.4795,34.78125,0.4095,18.1755,1.79025,0.1995,11,17,5,4,0
1772.9924,35.847,35.214375,0.39375,17.976,2.380875,0.1995,11,17,5,4,0
1758.5187,36.2145,35.6475,0.378,17.7765,2.9715,0.1995,12,17,5,4,0
1783.1908,36.883875,35.93625,0.385875,18.330375,2.900625,0.231,12,17,5,4,0
1795.5103,37.55325,36.225,0.39375,18.88425,2.82975,0.2625,12,17,5,4,0
1814.447,38.222625,36.51375,0.401625,19.438125,2.758875,0.294,12,17,5,4,0
1819.9181,38.892,36.8025,0.4095,19.992,2.688,0.3255,13,17,5,4,0
1795.9652,38.941875,36.8445,0.4095,19.992,2.349375,0.399,13,17,5,4,0
1832.0107,38.99175,36.8865,0.4095,19.992,2.01075,0.4725,13,17,5,4,0
1770.0791,39.041625,36.9285,0.4095,19.992,1.672125,0.546,13,17,5,4,0
1827.8098,39.0915,36.9705,0.4095,19.992,1.3335,0.6195,14,17,5,4,0
1781.2802,38.76075,36.726375,0.412125,19.931625,1.262625,0.6615,14,17,5,4,0
1771.1459,38.43,36.48225,0.41475,19.87125,1.19175,0.7035,14,17,5,4,0
1769.861,38.09925,36.238125,0.417375,19.810875,1.120875,0.7455,14,17,5,4,0
1875.9841,37.7685,35.994,0.42,19.7505,1.05,0.7875,15,17,5,4,0
1829.4001,36.442875,34.71825,0.459375,19.8975,1.2075,0.7875,15,17,5,4,0
1814.4413,35.11725,33.4425,0.49875,20.0445,1.365,0.7875,15,17,5,4,0
1795.631,33.791625,32.16675,0.538125,20.1915,1.5225,0.7875,15,17,5,4,0
1778.5762,32.466,30.891,0.5775,20.3385,1.68,0.7875,16,17,5,4,0
1778.0225,31.161375,29.81475,0.637875,20.832,1.472625,0.821625,16,17,5,4,0
1756.1759,29.85675,28.7385,0.69825,21.3255,1.26525,0.85575,16,17,5,4,0
1661.8381,28.552125,27.66225,0.758625,21.819,1.057875,0.889875,16,17,5,4,0
1619.7617,27.2475,26.586,0.819,22.3125,0.8505,0.924,17,17,5,4,0
1666.8667,27.36825,26.67525,0.826875,22.55925,1.157625,0.924,17,17,5,4,0
1677.9536,27.489,26.7645,0.83475,22.806,1.46475,0.924,17,17,5,4,0
1670.757,27.60975,26.85375,0.842625,23.05275,1.771875,0.924,17,17,5,4,0
1700.256,27.7305,26.943,0.8505,23.2995,2.079,0.924,18,17,5,4,0
1708.3845,28.216125,27.153,0.83475,23.139375,2.207625,0.889875,18,17,5,4,0
1669.356,28.70175,27.363,0.819,22.97925,2.33625,0.85575,18,17,5,4,0
1789.713,29.187375,27.573,0.80325,22.819125,2.464875,0.821625,18,17,5,4,0
1815.7083,29.673,27.783,0.7875,22.659,2.5935,0.7875,19,17,5,4,0
1815.7007,29.547,27.827625,0.753375,21.945,2.800875,0.7875,19,17,5,4,0
1790.3955,29.421,27.87225,0.71925,21.231,3.00825,0.7875,19,17,5,4,0
1769.2966,29.295,27.916875,0.685125,20.517,3.215625,0.7875,19,17,5,4,0
1746.039,29.169,27.9615,0.651,19.803,3.423,0.7875,20,17,5,4,0
1635.1406,28.371,27.42075,0.65625,19.364625,2.748375,0.7875,20,17,5,4,0
1623.8909,27.573,26.88,0.6615,18.92625,2.07375,0.7875,20,17,5,4,0
1487.416,26.775,26.33925,0.66675,18.487875,1.399125,0.7875,20,17,5,4,0
1373.0779,25.977,25.7985,0.672,18.0495,0.7245,0.7875,21,17,5,4,0
1349.2439,25.47825,25.27875,0.69825,18.21225,1.37025,0.7875,21,17,5,4,0
1341.58,24.9795,24.759,0.7245,18.375,2.016,0.7875,21,17,5,4,0
1340.3176,24.48075,24.23925,0.75075,18.53775,2.66175,0.7875,21,17,5,4,0
1264.9784,23.982,23.7195,0.777,18.7005,3.3075,0.7875,22,17,5,4,0
1209.3948,23.863875,23.590875,0.7875,18.745125,3.798375,0.78225,22,17,5,4,0
1209.3948,23.74575,23.46225,0.798,18.78975,4.28925,0.777,22,17,5,4,0
1199.2957,23.627625,23.333625,0.8085,18.834375,4.780125,0.77175,22,17,5,4,0
1194.0547,23.5095,23.205,0.819,18.879,5.271,0.7665,23,17,5,4,0
1307.0878,22.8375,26.019,0.8505,19.6875,2.163,0.6615,23,17,5,4,0
1328.544,23.1,25.9875,0.8295,19.95,2.163,0.6195,23,17,5,4,0
1328.544,23.3625,25.9665,0.8295,19.95,2.163,0.5985,23,17,5,4,0
1258.3694,23.9085,23.6145,0.798,18.8685,0.966,0.7875,0,18,5,5,1
1255.9504,23.919,23.625,0.795375,18.8685,1.168125,0.7875,0,18,5,5,1
1255.9504,23.9295,23.6355,0.79275,18.8685,1.37025,0.7875,0,18,5,5,1
1255.9504,23.94,23.646,0.790125,18.8685,1.572375,0.7875,0,18,5,5,1
1268.2491,23.9505,23.6565,0.7875,18.8685,1.7745,0.7875,1,18,5,5,1
1268.2491,23.926875,23.632875,0.790125,18.871125,1.8165,0.7875,1,18,5,5,1
1268.2491,23.90325,23.60925,0.79275,18.87375,1.8585,0.7875,1,18,5,5,1
1250.665,23.879625,23.585625,0.795375,18.876375,1.9005,0.7875,1,18,5,5,1
1256.1023,23.856,23.562,0.798,18.879,1.9425,0.7875,2,18,5,5,1
1256.1023,23.779875,23.501625,0.795375,18.745125,2.0895,0.7875,2,18,5,5,1
1256.1023,23.70375,23.44125,0.79275,18.61125,2.2365,0.7875,2,18,5,5,1
1210.6232,23.627625,23.380875,0.790125,18.477375,2.3835,0.7875,2,18,5,5,1
1205.99,23.5515,23.3205,0.7875,18.3435,2.5305,0.7875,3,18,5,5,1
1167.7164,23.4675,23.25225,0.78225,18.204375,2.470125,0.7455,3,18,5,5,1
1138.0651,23.3835,23.184,0.777,18.06525,2.40975,0.7035,3,18,5,5,1
1130.08,23.2995,23.11575,0.77175,17.926125,2.349375,0.6615,3,18,5,5,1
1105.5355,23.2155,23.0475,0.7665,17.787,2.289,0.6195,4,18,5,5,1
1162.9626,23.354625,23.1735,0.7665,17.913,2.32575,0.580125,4,18,5,5,1
1165.4594,23.49375,23.2995,0.7665,18.039,2.3625,0.54075,4,18,5,5,1
1190.1375,23.632875,23.4255,0.7665,18.165,2.39925,0.501375,4,18,5,5,1
1245.7169,23.772,23.5515,0.7665,18.291,2.436,0.462,5,18,5,5,1
1245.7169,23.877,23.643375,0.769125,18.419625,2.333625,0.462,5,18,5,5,1
1263.301,23.982,23.73525,0.77175,18.54825,2.23125,0.462,5,18,5,5,1
1313.9788,24.087,23.827125,0.774375,18.676875,2.128875,0.462,5,18,5,5,1
1306.8353,24.192,23.919,0.777,18.8055,2.0265,0.462,6,18,5,5,1
1306.8353,24.17625,23.877,0.7875,19.005,1.84275,0.462,6,18,5,5,1
1306.8353,24.1605,23.835,0.798,19.2045,1.659,0.462,6,18,5,5,1
1306.8353,24.14475,23.793,0.8085,19.404,1.47525,0.462,6,18,5,5,1
1326.0488,24.129,23.751,0.819,19.6035,1.2915,0.462,7,18,5,5,1
1326.0488,24.33375,23.93475,0.821625,19.803,1.617,0.462,7,18,5,5,1
1326.0488,24.5385,24.1185,0.82425,20.0025,1.9425,0.462,7,18,5,5,1
1342.8792,24.74325,24.30225,0.826875,20.202,2.268,0.462,7,18,5,5,1
1347.5115,24.948,24.486,0.8295,20.4015,2.5935,0.462,8,18,5,5,1
1348.6256,25.281375,24.814125,0.816375,20.475,2.806125,0.462,8,18,5,5,1
1348.2947,25.61475,25.14225,0.80325,20.5485,3.01875,0.462,8,18,5,5,1
1360.8723,25.948125,25.470375,0.790125,20.622,3.231375,0.462,8,18,5,5,1
1393.8312,26.2815,25.7985,0.777,20.6955,3.444,0.462,9,18,5,5,1
1406.5497,26.614875,26.124,0.769125,20.8215,3.41775,0.462,9,18,5,5,1
1447.4525,26.94825,26.4495,0.76125,20.9475,3.3915,0.462,9,18,5,5,1
1476.6987,27.281625,26.775,0.753375,21.0735,3.36525,0.462,9,18,5,5,1
1544.0302,27.615,27.1005,0.7455,21.1995,3.339,0.462,10,18,5,5,1
1549.8197,28.058625,27.302625,0.735,21.14175,3.30225,0.462,10,18,5,5,1
1549.8197,28.50225,27.50475,0.7245,21.084,3.2655,0.462,10,18,5,5,1
1589.5592,28.945875,27.706875,0.714,21.02625,3.22875,0.462,10,18,5,5,1
1624.1564,29.3895,27.909,0.7035,20.9685,3.192,0.462,11,18,5,5,1
1627.2913,29.896125,28.28175,0.695625,21.123375,3.36,0.443625,11,18,5,5,1
1642.1443,30.40275,28.6545,0.68775,21.27825,3.528,0.42525,11,18,5,5,1
1640.343,30.909375,29.02725,0.679875,21.433125,3.696,0.406875,11,18,5,5,1
1633.5369,31.416,29.4,0.672,21.588,3.864,0.3885,12,18,5,5,1
1650.4834,31.68375,29.728125,0.653625,21.37275,3.90075,0.370125,12,18,5,5,1
1650.4834,31.9515,30.05625,0.63525,21.1575,3.9375,0.35175,12,18,5,5,1
1653.7782,32.21925,30.384375,0.616875,20.94225,3.97425,0.333375,12,18,5,5,1
1643.4885,32.487,30.7125,0.5985,20.727,4.011,0.315,13,18,5,5,1
1635.1211,32.382,30.807,0.580125,20.320125,3.892875,0.333375,13,18,5,5,1
1628.9948,32.277,30.9015,0.56175,19.91325,3.77475,0.35175,13,18,5,5,1
1629.704,32.172,30.996,0.543375,19.506375,3.656625,0.370125,13,18,5,5,1
1639.114,32.067,31.0905,0.525,19.0995,3.5385,0.3885,14,18,5,5,1
1641.4757,32.253375,31.2375,0.525,19.173,3.444,0.406875,14,18,5,5,1
1647.602,32.43975,31.3845,0.525,19.2465,3.3495,0.42525,14,18,5,5,1
1647.602,32.626125,31.5315,0.525,19.32,3.255,0.443625,14,18,5,5,1
1651.1056,32.8125,31.6785,0.525,19.3935,3.1605,0.462,15,18,5,5,1
1660.0458,32.98575,31.812375,0.522375,19.4565,3.178875,0.462,15,18,5,5,1
1672.4282,33.159,31.94625,0.51975,19.5195,3.19725,0.462,15,18,5,5,1
1672.4208,33.33225,32.080125,0.517125,19.5825,3.215625,0.462,15,18,5,5,1
1683.3043,33.5055,32.214,0.5145,19.6455,3.234,0.462,16,18,5,5,1
1665.7721,33.581625,32.326875,0.50925,19.569375,3.57,0.427875,16,18,5,5,1
1684.1425,33.65775,32.43975,0.504,19.49325,3.906,0.39375,16,18,5,5,1
1681.7363,33.733875,32.552625,0.49875,19.417125,4.242,0.359625,16,18,5,5,1
1704.1387,33.81,32.6655,0.4935,19.341,4.578,0.3255,17,18,5,5,1
1704.1387,33.739125,32.694375,0.485625,19.1415,4.475625,0.294,17,18,5,5,1
1704.1387,33.66825,32.72325,0.47775,18.942,4.37325,0.2625,17,18,5,5,1
1675.4807,33.597375,32.752125,0.469875,18.7425,4.270875,0.231,17,18,5,5,1
1727.678,33.5265,32.781,0.462,18.543,4.1685,0.1995,18,18,5,5,1
1727.678,33.43725,32.718,0.462,18.4905,3.845625,0.1995,18,18,5,5,1
1728.3872,33.348,32.655,0.462,18.438,3.52275,0.1995,18,18,5,5,1
1728.3947,33.25875,32.592,0.462,18.3855,3.199875,0.1995,18,18,5,5,1
1751.3138,33.1695,32.529,0.462,18.333,2.877,0.1995,19,18,5,5,1
1751.3138,33.09075,32.421375,0.46725,18.398625,2.982,0.1995,19,18,5,5,1
1760.3871,33.012,32.31375,0.4725,18.46425,3.087,0.1995,19,18,5,5,1
1749.3169,32.93325,32.206125,0.47775,18.529875,3.192,0.1995,19,18,5,5,1
1744.9089,32.8545,32.0985,0.483,18.5955,3.297,0.1995,20,18,5,5,1
1744.9089,32.802,31.959375,0.4935,18.781875,3.31275,0.17325,20,18,5,5,1
1743.1003,32.7495,31.82025,0.504,18.96825,3.3285,0.147,20,18,5,5,1
1743.1003,32.697,31.681125,0.5145,19.154625,3.34425,0.12075,20,18,5,5,1
1811.9524,32.6445,31.542,0.525,19.341,3.36,0.0945,21,18,5,5,1
1789.8545,32.53425,31.37925,0.532875,19.4565,3.252375,0.070875,21,18,5,5,1
1782.116,32.424,31.2165,0.54075,19.572,3.14475,0.04725,21,18,5,5,1
1773.4917,32.31375,31.05375,0.548625,19.6875,3.037125,0.023625,21,18,5,5,1
1904.7072,32.2035,30.891,0.5565,19.803,2.9295,0.0,22,18,5,5,1
1880.5306,32.04075,30.741375,0.56175,19.789875,2.921625,0.002625,22,18,5,5,1
1880.5306,31.878,30.59175,0.567,19.77675,2.91375,0.00525,22,18,5,5,1
1880.5306,31.71525,30.442125,0.57225,19.763625,2.905875,0.007875,22,18,5,5,1
1871.3302,31.5525,30.2925,0.5775,19.7505,2.898,0.0105,23,18,5,5,1
1903.2241,31.5,29.19,0.525,17.85,2.163,0.2415,23,18,5,5,1
1903.2241,31.5,29.085,0.525,17.85,2.163,0.2415,23,18,5,5,1
1798.9557,31.2375,28.98,0.5355,17.85,2.163,0.231,23,18,5,5,1
1914.774,31.143,29.9145,0.588,19.677,1.47,0.021,0,19,5,6,1
1914.774,31.040625,29.82,0.590625,19.67175,1.73775,0.018375,0,19,5,6,1
1914.774,30.93825,29.7255,0.59325,19.6665,2.0055,0.01575,0,19,5,6,1
1905.3882,30.835875,29.631,0.595875,19.66125,2.27325,0.013125,0,19,5,6,1
1854.2406,30.7335,29.5365,0.5985,19.656,2.541,0.0105,1,19,5,6,1
1813.0801,30.625875,29.428875,0.601125,19.656,2.186625,0.007875,1,19,5,6,1
1803.4363,30.51825,29.32125,0.60375,19.656,1.83225,0.00525,1,19,5,6,1
1794.5414,30.410625,29.213625,0.606375,19.656,1.477875,0.002625,1,19,5,6,1
1767.9623,30.303,29.106,0.609,19.656,1.1235,0.0,2,19,5,6,1
1755.3748,30.32925,29.129625,0.609,19.656,1.05525,0.023625,2,19,5,6,1
1806.9661,30.3555,29.15325,0.609,19.656,0.987,0.04725,2,19,5,6,1
1806.9661,30.38175,29.176875,0.609,19.656,0.91875,0.070875,2,19,5,6,1
1796.65,30.408,29.2005,0.609,19.656,0.8505,0.0945,3,19,5,6,1
1763.1946,30.279375,29.0745,0.61425,19.66125,0.847875,0.12075,3,19,5,6,1
1762.4817,30.15075,28.9485,0.6195,19.6665,0.84525,0.147,3,19,5,6,1
1781.8263,30.022125,28.8225,0.62475,19.67175,0.842625,0.17325,3,19,5,6,1
1733.2078,29.8935,28.6965,0.63,19.677,0.84,0.1995,4,19,5,6,1
1720.042,29.607375,28.47075,0.627375,19.41975,0.8085,0.1995,4,19,5,6,1
1729.5345,29.32125,28.245,0.62475,19.1625,0.777,0.1995,4,19,5,6,1
1676.3584,29.035125,28.01925,0.622125,18.90525,0.7455,0.1995,4,19,5,6,1
1654.9062,28.749,27.7935,0.6195,18.648,0.714,0.1995,5,19,5,6,1
1647.771,28.32375,27.570375,0.616875,18.388125,0.71925,0.1995,5,19,5,6,1
1633.2804,27.8985,27.34725,0.61425,18.12825,0.7245,0.1995,5,19,5,6,1
1620.326,27.47325,27.124125,0.611625,17.868375,0.72975,0.1995,5,19,5,6,1
1433.4775,27.048,26.901,0.609,17.6085,0.735,0.1995,6,19,5,6,1
1370.7423,27.006,26.83275,0.622125,17.87625,0.952875,0.1995,6,19,5,6,1
1378.9069,26.964,26.7645,0.63525,18.144,1.17075,0.1995,6,19,5,6,1
1378.9069,26.922,26.69625,0.648375,18.41175,1.388625,0.1995,6,19,5,6,1
1333.0216,26.88,26.628,0.6615,18.6795,1.6065,0.1995,7,19,5,6,1
1383.483,27.428625,26.971875,0.653625,18.818625,1.659,0.17325,7,19,5,6,1
1374.3701,27.97725,27.31575,0.64575,18.95775,1.7115,0.147,7,19,5,6,1
1380.6672,28.525875,27.659625,0.637875,19.096875,1.764,0.12075,7,19,5,6,1
1390.4307,29.0745,28.0035,0.63,19.236,1.8165,0.0945,8,19,5,6,1
1441.513,29.476125,28.51275,0.606375,18.9735,2.03175,0.070875,8,19,5,6,1
1466.39,29.87775,29.022,0.58275,18.711,2.247,0.04725,8,19,5,6,1
1461.851,30.279375,29.53125,0.559125,18.4485,2.46225,0.023625,8,19,5,6,1
1486.4015,30.681,30.0405,0.5355,18.186,2.6775,0.0,9,19,5,6,1
1469.0702,31.122,30.526125,0.51975,18.125625,2.9715,0.0,9,19,5,6,1
1512.9781,31.563,31.01175,0.504,18.06525,3.2655,0.0,9,19,5,6,1
1512.9781,32.004,31.497375,0.48825,18.004875,3.5595,0.0,9,19,5,6,1
1539.0826,32.445,31.983,0.4725,17.9445,3.8535,0.0,10,19,5,6,1
1543.5576,32.899125,32.421375,0.462,17.957625,4.018875,0.0,10,19,5,6,1
1564.9437,33.35325,32.85975,0.4515,17.97075,4.18425,0.0,10,19,5,6,1
1558.6304,33.807375,33.298125,0.441,17.983875,4.349625,0.0,10,19,5,6,1
1566.0682,34.2615,33.7365,0.4305,17.997,4.515,0.0,11,19,5,6,1
1566.0682,34.461,33.980625,0.422625,17.878875,4.38375,0.0,11,19,5,6,1
1546.0253,34.6605,34.22475,0.41475,17.76075,4.2525,0.0,11,19,5,6,1
1546.0253,34.86,34.468875,0.406875,17.642625,4.12125,0.0,11,19,5,6,1
1546.3395,35.0595,34.713,0.399,17.5245,3.99,0.0,12,19,5,6,1
1543.3802,35.046375,34.7865,0.391125,17.275125,3.93225,0.0,12,19,5,6,1
1543.3802,35.03325,34.86,0.38325,17.02575,3.8745,0.0,12,19,5,6,1
1543.7216,35.020125,34.9335,0.375375,16.776375,3.81675,0.0,12,19,5,6,1
1533.1996,35.007,35.007,0.3675,16.527,3.759,0.0,13,19,5,6,1
1510.2247,35.209125,35.209125,0.354375,16.078125,3.987375,0.023625,13,19,5,6,1
1487.353,35.41125,35.41125,0.34125,15.62925,4.21575,0.04725,13,19,5,6,1
1508.7697,35.613375,35.613375,0.328125,15.180375,4.444125,0.070875,13,19,5,6,1
1528.9248,35.8155,35.8155,0.315,14.7315,4.6725,0.0945,14,19,5,6,1
1520.8745,36.057,36.057,0.3045,14.3535,4.73025,0.12075,14,19,5,6,1
1529.8757,36.2985,36.2985,0.294,13.9755,4.788,0.147,14,19,5,6,1
1525.1794,36.54,36.54,0.2835,13.5975,4.84575,0.17325,14,19,5,6,1
1535.5328,36.7815,36.7815,0.273,13.2195,4.9035,0.1995,15,19,5,6,1
1535.5328,36.9075,36.9075,0.26775,13.01475,4.858875,0.17325,15,19,5,6,1
1538.8348,37.0335,37.0335,0.2625,12.81,4.81425,0.147,15,19,5,6,1
1538.8348,37.1595,37.1595,0.25725,12.60525,4.769625,0.12075,15,19,5,6,1
1526.0865,37.2855,37.2855,0.252,12.4005,4.725,0.0945,16,19,5,6,1
1556.6573,37.372125,37.372125,0.24675,12.19575,4.7145,0.070875,16,19,5,6,1
1534.8107,37.45875,37.45875,0.2415,11.991,4.704,0.04725,16,19,5,6,1
1528.5531,37.545375,37.545375,0.23625,11.78625,4.6935,0.023625,16,19,5,6,1
1565.2054,37.632,37.632,0.231,11.5815,4.683,0.0,17,19,5,6,1
1565.4232,37.597875,37.597875,0.228375,11.319,4.522875,0.0,17,19,5,6,1
1562.0978,37.56375,37.56375,0.22575,11.0565,4.36275,0.0,17,19,5,6,1
1549.2004,37.529625,37.529625,0.223125,10.794,4.202625,0.0,17,19,5,6,1
1571.7998,37.4955,37.4955,0.2205,10.5315,4.0425,0.0,18,19,5,6,1
1568.6536,37.398375,37.398375,0.2205,10.513125,3.871875,0.0,18,19,5,6,1
1537.2993,37.30125,37.30125,0.2205,10.49475,3.70125,0.0,18,19,5,6,1
1538.0085,37.204125,37.204125,0.2205,10.476375,3.530625,0.0,18,19,5,6,1
1605.6752,37.107,37.107,0.2205,10.458,3.36,0.0,19,19,5,6,1
1599.0104,36.855,36.855,0.228375,10.73625,3.205125,0.0,19,19,5,6,1
1575.1654,36.603,36.603,0.23625,11.0145,3.05025,0.0,19,19,5,6,1
1577.18,36.351,36.351,0.244125,11.29275,2.895375,0.0,19,19,5,6,1
1723.278,36.099,36.099,0.252,11.571,2.7405,0.0,20,19,5,6,1
1748.3533,35.9205,35.9205,0.259875,11.862375,2.57775,0.0,20,19,5,6,1
1729.6409,35.742,35.742,0.26775,12.15375,2.415,0.0,20,19,5,6,1
1713.1726,35.5635,35.5635,0.275625,12.445125,2.25225,0.0,20,19,5,6,1
1861.1079,35.385,35.385,0.2835,12.7365,2.0895,0.0,21,19,5,6,1
1815.5405,35.340375,35.340375,0.28875,12.9885,1.83225,0.0,21,19,5,6,1
1815.5405,35.29575,35.29575,0.294,13.2405,1.575,0.0,21,19,5,6,1
1815.5405,35.251125,35.251125,0.29925,13.4925,1.31775,0.0,21,19,5,6,1
2068.0032,35.2065,35.2065,0.3045,13.7445,1.0605,0.0,22,19,5,6,1
2150.163,34.993875,34.993875,0.312375,13.930875,0.819,0.0,22,19,5,6,1
2155.542,34.78125,34.78125,0.32025,14.11725,0.5775,0.0,22,19,5,6,1
2092.5217,34.568625,34.568625,0.328125,14.303625,0.336,0.0,22,19,5,6,1
2163.231,34.356,34.356,0.336,14.49,0.0945,0.0,23,19,5,6,1
1953.4753,31.7625,30.7965,0.399,14.7,2.163,0.1995,23,19,5,6,1
1914.448,31.5,30.6075,0.399,14.7,2.163,0.2205,23,19,5,6,1
1880.8549,31.5,30.429,0.399,14.7,2.163,0.231,23,19,5,6,1
2522.6157,35.532,32.2245,0.609,22.701,4.431,0.7875,0,15,7,0,0
2475.306,35.146125,31.8465,0.627375,22.813875,4.4625,0.7875,0,15,7,0,0
2460.9846,34.76025,31.4685,0.64575,22.92675,4.494,0.7875,0,15,7,0,0
2372.9312,34.374375,31.0905,0.664125,23.039625,4.5255,0.7875,0,15,7,0,0
2237.942,33.9885,30.7125,0.6825,23.1525,4.557,0.7875,1,15,7,0,0
2235.308,33.6525,30.468375,0.693,23.134125,4.507125,0.7875,1,15,7,0,0
2193.6663,33.3165,30.22425,0.7035,23.11575,4.45725,0.7875,1,15,7,0,0
2123.2737,32.9805,29.980125,0.714,23.097375,4.407375,0.7875,1,15,7,0,0
2035.6035,32.6445,29.736,0.7245,23.079,4.3575,0.7875,2,15,7,0,0
2022.8417,32.6445,29.74125,0.721875,23.0685,4.19475,0.7875,2,15,7,0,0
2022.8417,32.6445,29.7465,0.71925,23.058,4.032,0.7875,2,15,7,0,0
2022.8417,32.6445,29.75175,0.716625,23.0475,3.86925,0.7875,2,15,7,0,0
2002.452,32.6445,29.757,0.714,23.037,3.7065,0.7875,3,15,7,0,0
2002.452,32.6445,29.757,0.714,23.034375,3.698625,0.7875,3,15,7,0,0
2002.452,32.6445,29.757,0.714,23.03175,3.69075,0.7875,3,15,7,0,0
2002.452,32.6445,29.757,0.714,23.029125,3.682875,0.7875,3,15,7,0,0
1959.4749,32.6445,29.757,0.714,23.0265,3.675,0.7875,4,15,7,0,0
1959.4749,32.613,29.733375,0.716625,23.034375,3.598875,0.7875,4,15,7,0,0
1959.4749,32.5815,29.70975,0.71925,23.04225,3.52275,0.7875,4,15,7,0,0
1959.4749,32.55,29.686125,0.721875,23.050125,3.446625,0.7875,4,15,7,0,0
1877.7355,32.5185,29.6625,0.7245,23.058,3.3705,0.7875,5,15,7,0,0
1877.7355,32.468625,29.6205,0.727125,23.0685,3.42825,0.7875,5,15,7,0,0
1877.7355,32.41875,29.5785,0.72975,23.079,3.486,0.7875,5,15,7,0,0
1877.7355,32.368875,29.5365,0.732375,23.0895,3.54375,0.7875,5,15,7,0,0
1780.3315,32.319,29.4945,0.735,23.1,3.6015,0.7875,6,15,7,0,0
1780.3315,32.529,29.544375,0.74025,23.3205,3.6645,0.7875,6,15,7,0,0
1780.3315,32.739,29.59425,0.7455,23.541,3.7275,0.7875,6,15,7,0,0
1786.8395,32.949,29.644125,0.75075,23.7615,3.7905,0.7875,6,15,7,0,0
1718.5347,33.159,29.694,0.756,23.982,3.8535,0.7875,7,15,7,0,0
1746.0547,33.676125,29.896125,0.76125,24.255,3.8325,0.7875,7,15,7,0,0
1795.1625,34.19325,30.09825,0.7665,24.528,3.8115,0.7875,7,15,7,0,0
1799.7561,34.710375,30.300375,0.77175,24.801,3.7905,0.7875,7,15,7,0,0
1802.2039,35.2275,30.5025,0.777,25.074,3.7695,0.7875,8,15,7,0,0
1837.9734,35.713125,30.786,0.7665,25.129125,3.68025,0.7875,8,15,7,0,0
1838.3226,36.19875,31.0695,0.756,25.18425,3.591,0.7875,8,15,7,0,0
1867.0159,36.684375,31.353,0.7455,25.239375,3.50175,0.7875,8,15,7,0,0
1888.9713,37.17,31.6365,0.735,25.2945,3.4125,0.7875,9,15,7,0,0
1901.6053,37.58475,31.93575,0.7245,25.286625,3.32325,0.7875,9,15,7,0,0
1923.9502,37.9995,32.235,0.714,25.27875,3.234,0.7875,9,15,7,0,0
1931.9929,38.41425,32.53425,0.7035,25.270875,3.14475,0.7875,9,15,7,0,0
2014.0507,38.829,32.8335,0.693,25.263,3.0555,0.7875,10,15,7,0,0
2035.4662,39.241125,33.082875,0.685125,25.318125,2.92425,0.7875,10,15,7,0,0
2065.8809,39.65325,33.33225,0.67725,25.37325,2.793,0.7875,10,15,7,0,0
2055.6821,40.065375,33.581625,0.669375,25.428375,2.66175,0.7875,10,15,7,0,0
2067.913,40.4775,33.831,0.6615,25.4835,2.5305,0.7875,11,15,7,0,0
2086.1738,40.9815,34.127625,0.653625,25.559625,2.496375,0.7875,11,15,7,0,0
2143.8196,41.4855,34.42425,0.64575,25.63575,2.46225,0.7875,11,15,7,0,0
2137.7815,41.9895,34.720875,0.637875,25.711875,2.428125,0.7875,11,15,7,0,0
2180.4626,42.4935,35.0175,0.63,25.788,2.394,0.7875,12,15,7,0,0
2219.9565,42.937125,35.3325,0.6195,25.80375,2.506875,0.7875,12,15,7,0,0
2219.9565,43.38075,35.6475,0.609,25.8195,2.61975,0.7875,12,15,7,0,0
2298.262,43.824375,35.9625,0.5985,25.83525,2.732625,0.7875,12,15,7,0,0
2302.7563,44.268,36.2775,0.588,25.851,2.8455,0.7875,13,15,7,0,0
2298.9797,44.2155,36.0885,0.601125,25.990125,2.832375,0.80325,13,15,7,0,0
2251.8433,44.163,35.8995,0.61425,26.12925,2.81925,0.819,13,15,7,0,0
2220.06,44.1105,35.7105,0.627375,26.268375,2.806125,0.83475,13,15,7,0,0
2241.0173,44.058,35.5215,0.6405,26.4075,2.793,0.8505,14,15,7,0,0
2238.1665,43.3755,34.84425,0.672,26.604375,3.63825,0.882,14,15,7,0,0
2175.244,42.693,34.167,0.7035,26.80125,4.4835,0.9135,14,15,7,0,0
2114.9016,42.0105,33.48975,0.735,26.998125,5.32875,0.945,14,15,7,0,0
1969.6868,41.328,32.8125,0.7665,27.195,6.174,0.9765,15,15,7,0,0
1921.3179,38.70825,31.5735,0.8085,26.856375,6.29475,0.994875,15,15,7,0,0
1857.503,36.0885,30.3345,0.8505,26.51775,6.4155,1.01325,15,15,7,0,0
1766.7635,33.46875,29.0955,0.8925,26.179125,6.53625,1.031625,15,15,7,0,0
1934.5431,30.849,27.8565,0.9345,25.8405,6.657,1.05,16,15,7,0,0
1876.649,29.59425,27.082125,0.963375,25.570125,5.856375,1.05,16,15,7,0,0
1771.2234,28.3395,26.30775,0.99225,25.29975,5.05575,1.05,16,15,7,0,0
1714.511,27.08475,25.533375,1.021125,25.029375,4.255125,1.05,16,15,7,0,0
1556.3569,25.83,24.759,1.05,24.759,3.4545,1.05,17,15,7,0,0
1556.3569,26.082,25.0005,1.04475,24.90075,3.247125,1.05,17,15,7,0,0
1589.8583,26.334,25.242,1.0395,25.0425,3.03975,1.05,17,15,7,0,0
1614.1989,26.586,25.4835,1.03425,25.18425,2.832375,1.05,17,15,7,0,0
1698.1277,26.838,25.725,1.029,25.326,2.625,1.05,18,15,7,0,0
1589.6143,27.061125,25.958625,1.015875,25.328625,2.375625,1.031625,18,15,7,0,0
1612.8666,27.28425,26.19225,1.00275,25.33125,2.12625,1.01325,18,15,7,0,0
1668.6111,27.507375,26.425875,0.989625,25.333875,1.876875,0.994875,18,15,7,0,0
1689.0303,27.7305,26.6595,0.9765,25.3365,1.6275,0.9765,19,15,7,0,0
1671.7742,28.069125,26.782875,0.97125,25.35225,1.70625,0.945,19,15,7,0,0
1670.0281,28.40775,26.90625,0.966,25.368,1.785,0.9135,19,15,7,0,0
1697.7252,28.746375,27.029625,0.96075,25.38375,1.86375,0.882,19,15,7,0,0
1725.318,29.085,27.153,0.9555,25.3995,1.9425,0.8505,20,15,7,0,0
1768.5598,29.528625,27.32625,0.952875,25.538625,2.228625,0.79275,20,15,7,0,0
1766.1678,29.97225,27.4995,0.95025,25.67775,2.51475,0.735,20,15,7,0,0
1786.5986,30.415875,27.67275,0.947625,25.816875,2.800875,0.67725,20,15,7,0,0
1803.4061,30.8595,27.846,0.945,25.956,3.087,0.6195,21,15,7,0,0
1806.3752,30.84375,27.84075,0.945,25.94025,3.192,0.580125,21,15,7,0,0
1812.2426,30.828,27.8355,0.945,25.9245,3.297,0.54075,21,15,7,0,0
1812.2426,30.81225,27.83025,0.945,25.90875,3.402,0.501375,21,15,7,0,0
1909.1205,30.7965,27.825,0.945,25.893,3.507,0.462,22,15,7,0,0
1909.1205,30.421125,27.680625,0.945,25.746,3.541125,0.462,22,15,7,0,0
1890.562,30.04575,27.53625,0.945,25.599,3.57525,0.462,22,15,7,0,0
1878.4484,29.670375,27.391875,0.945,25.452,3.609375,0.462,22,15,7,0,0
1917.1403,29.295,27.2475,0.945,25.305,3.6435,0.462,23,15,7,0,0
2217.3357,35.175,28.665,0.9555,26.25,1.7745,1.029,23,15,7,0,0
2211.949,35.7,28.77,0.945,26.25,1.9005,1.0185,23,15,7,0,0
2217.4883,35.4375,28.875,0.924,26.25,2.037,1.029,23,15,7,0,0
1835.569,30.261,27.867,0.8505,24.2025,4.074,0.462,0,16,7,1,0
1866.4299,30.363375,27.985125,0.832125,23.937375,4.102875,0.462,0,16,7,1,0
1877.8328,30.46575,28.10325,0.81375,23.67225,4.13175,0.462,0,16,7,1,0
1877.8328,30.568125,28.221375,0.795375,23.407125,4.160625,0.462,0,16,7,1,0
1830.9524,30.6705,28.3395,0.777,23.142,4.1895,0.462,1,16,7,1,0
1826.5659,30.65475,28.331625,0.777,23.139375,4.081875,0.501375,1,16,7,1,0
1826.5659,30.639,28.32375,0.777,23.13675,3.97425,0.54075,1,16,7,1,0
1826.5659,30.62325,28.315875,0.777,23.134125,3.866625,0.580125,1,16,7,1,0
1802.814,30.6075,28.308,0.777,23.1315,3.759,0.6195,2,16,7,1,0
1798.1584,30.59175,28.2975,0.777,23.123625,3.68025,0.6615,2,16,7,1,0
1804.7184,30.576,28.287,0.777,23.11575,3.6015,0.7035,2,16,7,1,0
1804.7184,30.56025,28.2765,0.777,23.107875,3.52275,0.7455,2,16,7,1,0
1810.8838,30.5445,28.266,0.777,23.1,3.444,0.7875,3,16,7,1,0
1945.0198,32.2245,29.442,0.737625,23.223375,3.525375,0.7875,3,16,7,1,0
2168.3052,33.9045,30.618,0.69825,23.34675,3.60675,0.7875,3,16,7,1,0
2319.2178,35.5845,31.794,0.658875,23.470125,3.688125,0.7875,3,16,7,1,0
2356.7312,37.2645,32.97,0.6195,23.5935,3.7695,0.7875,4,16,7,1,0
2356.7312,37.23825,32.8545,0.627375,23.722125,4.053,0.7875,4,16,7,1,0
2361.4387,37.212,32.739,0.63525,23.85075,4.3365,0.7875,4,16,7,1,0
2368.883,37.18575,32.6235,0.643125,23.979375,4.62,0.7875,4,16,7,1,0
2209.0308,37.1595,32.508,0.651,24.108,4.9035,0.7875,5,16,7,1,0
2051.226,34.86,31.150875,0.711375,24.11325,4.984875,0.7875,5,16,7,1,0
1906.8215,32.5605,29.79375,0.77175,24.1185,5.06625,0.7875,5,16,7,1,0
1738.5995,30.261,28.436625,0.832125,24.12375,5.147625,0.7875,5,16,7,1,0
1552.2184,27.9615,27.0795,0.8925,24.129,5.229,0.7875,6,16,7,1,0
1546.1128,27.951,27.048,0.900375,24.276,5.079375,0.805875,6,16,7,1,0
1546.1128,27.9405,27.0165,0.90825,24.423,4.92975,0.82425,6,16,7,1,0
1532.275,27.93,26.985,0.916125,24.57,4.780125,0.842625,6,16,7,1,0
1524.0054,27.9195,26.9535,0.924,24.717,4.6305,0.861,7,16,7,1,0
1527.9535,28.531125,27.150375,0.921375,24.840375,4.627875,0.87675,7,16,7,1,0
1600.509,29.14275,27.34725,0.91875,24.96375,4.62525,0.8925,7,16,7,1,0
1600.509,29.754375,27.544125,0.916125,25.087125,4.622625,0.90825,7,16,7,1,0
1627.1193,30.366,27.741,0.9135,25.2105,4.62,0.924,8,16,7,1,0
1631.1262,31.051125,28.100625,0.895125,25.197375,4.554375,0.90825,8,16,7,1,0
1666.8243,31.73625,28.46025,0.87675,25.18425,4.48875,0.8925,8,16,7,1,0
1681.0319,32.421375,28.819875,0.858375,25.171125,4.423125,0.87675,8,16,7,1,0
1727.9617,33.1065,29.1795,0.84,25.158,4.3575,0.861,9,16,7,1,0
1732.3025,33.62625,29.486625,0.826875,25.165875,4.1895,0.842625,9,16,7,1,0
1814.7812,34.146,29.79375,0.81375,25.17375,4.0215,0.82425,9,16,7,1,0
1815.2264,34.66575,30.100875,0.800625,25.181625,3.8535,0.805875,9,16,7,1,0
1882.6077,35.1855,30.408,0.7875,25.1895,3.6855,0.7875,10,16,7,1,0
1919.3804,35.83125,30.788625,0.774375,25.2525,3.63825,0.7875,10,16,7,1,0
1927.9856,36.477,31.16925,0.76125,25.3155,3.591,0.7875,10,16,7,1,0
1953.7324,37.12275,31.549875,0.748125,25.3785,3.54375,0.7875,10,16,7,1,0
1987.1086,37.7685,31.9305,0.735,25.4415,3.4965,0.7875,11,16,7,1,0
1987.1086,38.317125,32.274375,0.721875,25.491375,3.467625,0.7875,11,16,7,1,0
2011.8462,38.86575,32.61825,0.70875,25.54125,3.43875,0.7875,11,16,7,1,0
2093.9053,39.414375,32.962125,0.695625,25.591125,3.409875,0.7875,11,16,7,1,0
2102.6753,39.963,33.306,0.6825,25.641,3.381,0.7875,12,16,7,1,0
2098.8987,40.17825,33.471375,0.67725,25.633125,3.29175,0.80325,12,16,7,1,0
2114.2393,40.3935,33.63675,0.672,25.62525,3.2025,0.819,12,16,7,1,0
2082.6162,40.60875,33.802125,0.66675,25.617375,3.11325,0.83475,12,16,7,1,0
2104.1663,40.824,33.9675,0.6615,25.6095,3.024,0.8505,13,16,7,1,0
2071.275,40.327875,33.607875,0.674625,25.61475,3.066,0.882,13,16,7,1,0
2058.0918,39.83175,33.24825,0.68775,25.62,3.108,0.9135,13,16,7,1,0
2039.1715,39.335625,32.888625,0.700875,25.62525,3.15,0.945,13,16,7,1,0
1979.9362,38.8395,32.529,0.714,25.6305,3.192,0.9765,14,16,7,1,0
1974.0526,38.5245,32.122125,0.742875,25.90875,3.084375,0.994875,14,16,7,1,0
1951.028,38.2095,31.71525,0.77175,26.187,2.97675,1.01325,14,16,7,1,0
1970.9515,37.8945,31.308375,0.800625,26.46525,2.869125,1.031625,14,16,7,1,0
2078.6367,37.5795,30.9015,0.8295,26.7435,2.7615,1.05,15,16,7,1,0
2097.5735,37.87875,30.930375,0.837375,26.945625,2.688,1.05,15,16,7,1,0
2097.5735,38.178,30.95925,0.84525,27.14775,2.6145,1.05,15,16,7,1,0
2093.1953,38.47725,30.988125,0.853125,27.349875,2.541,1.05,15,16,7,1,0
2105.953,38.7765,31.017,0.861,27.552,2.4675,1.05,16,16,7,1,0
1950.2007,38.542875,31.017,0.853125,27.360375,2.5935,1.0185,16,16,7,1,0
1938.5847,38.30925,31.017,0.84525,27.16875,2.7195,0.987,16,16,7,1,0
1966.2063,38.075625,31.017,0.837375,26.977125,2.8455,0.9555,16,16,7,1,0
1949.3203,37.842,31.017,0.8295,26.7855,2.9715,0.924,17,16,7,1,0
1949.3203,37.7475,30.9645,0.832125,26.782875,2.99775,0.889875,17,16,7,1,0
1949.3203,37.653,30.912,0.83475,26.78025,3.024,0.85575,17,16,7,1,0
1962.9902,37.5585,30.8595,0.837375,26.777625,3.05025,0.821625,17,16,7,1,0
1953.0807,37.464,30.807,0.84,26.775,3.0765,0.7875,18,16,7,1,0
1951.8923,37.1175,30.6285,0.847875,26.75925,3.199875,0.7875,18,16,7,1,0
1957.7596,36.771,30.45,0.85575,26.7435,3.32325,0.7875,18,16,7,1,0
1930.2261,36.4245,30.2715,0.863625,26.72775,3.446625,0.7875,18,16,7,1,0
1973.6715,36.078,30.093,0.8715,26.712,3.57,0.7875,19,16,7,1,0
1962.051,35.847,29.9775,0.87675,26.704125,3.5595,0.7875,19,16,7,1,0
1945.1365,35.616,29.862,0.882,26.69625,3.549,0.7875,19,16,7,1,0
1938.7666,35.385,29.7465,0.88725,26.688375,3.5385,0.7875,19,16,7,1,0
2008.1167,35.154,29.631,0.8925,26.6805,3.528,0.7875,20,16,7,1,0
2008.8724,35.29575,29.623125,0.89775,26.814375,3.399375,0.7875,20,16,7,1,0
2023.4105,35.4375,29.61525,0.903,26.94825,3.27075,0.7875,20,16,7,1,0
2026.6929,35.57925,29.607375,0.90825,27.082125,3.142125,0.7875,20,16,7,1,0
2172.2444,35.721,29.5995,0.9135,27.216,3.0135,0.7875,21,16,7,1,0
2141.85,35.545125,29.58375,0.90825,27.09,2.874375,0.7875,21,16,7,1,0
2141.85,35.36925,29.568,0.903,26.964,2.73525,0.7875,21,16,7,1,0
2127.453,35.193375,29.55225,0.89775,26.838,2.596125,0.7875,21,16,7,1,0
2289.6912,35.0175,29.5365,0.8925,26.712,2.457,0.7875,22,16,7,1,0
2251.3594,34.82325,29.49975,0.88725,26.578125,2.333625,0.784875,22,16,7,1,0
2186.5146,34.629,29.463,0.882,26.44425,2.21025,0.78225,22,16,7,1,0
2172.701,34.43475,29.42625,0.87675,26.310375,2.086875,0.779625,22,16,7,1,0
2194.3252,34.2405,29.3895,0.8715,26.1765,1.9635,0.777,23,16,7,1,0
2115.45,33.3375,28.665,0.9345,26.25,2.163,0.798,23,16,7,1,0
2118.2422,33.6,28.56,0.924,26.25,2.163,0.7245,23,16,7,1,0
2118.2422,33.6,28.455,0.924,26.25,2.163,0.7245,23,16,7,1,0
2234.665,34.3875,29.4735,0.8715,26.1555,2.4045,0.7875,0,17,7,2,0
2234.665,34.369125,29.465625,0.8715,26.147625,2.3205,0.7875,0,17,7,2,0
2234.665,34.35075,29.45775,0.8715,26.13975,2.2365,0.7875,0,17,7,2,0
2233.4795,34.332375,29.449875,0.8715,26.131875,2.1525,0.7875,0,17,7,2,0
2132.8777,34.314,29.442,0.8715,26.124,2.0685,0.7875,1,17,7,2,0
2085.2393,34.04625,29.3055,0.87675,26.11875,2.05275,0.7875,1,17,7,2,0
2027.758,33.7785,29.169,0.882,26.1135,2.037,0.7875,1,17,7,2,0
1980.068,33.51075,29.0325,0.88725,26.10825,2.02125,0.7875,1,17,7,2,0
1930.7609,33.243,28.896,0.8925,26.103,2.0055,0.7875,2,17,7,2,0
1886.8672,32.715375,28.630875,0.916125,26.242125,2.265375,0.7875,2,17,7,2,0
1822.8002,32.18775,28.36575,0.93975,26.38125,2.52525,0.7875,2,17,7,2,0
1793.4529,31.660125,28.100625,0.963375,26.520375,2.785125,0.7875,2,17,7,2,0
1753.4115,31.1325,27.8355,0.987,26.6595,3.045,0.7875,3,17,7,2,0
1749.5325,30.83325,27.7095,1.00275,26.81175,3.318,0.821625,3,17,7,2,0
1738.5836,30.534,27.5835,1.0185,26.964,3.591,0.85575,3,17,7,2,0
1710.8145,30.23475,27.4575,1.03425,27.11625,3.864,0.889875,3,17,7,2,0
1641.6602,29.9355,27.3315,1.05,27.2685,4.137,0.924,4,17,7,2,0
1639.9818,29.927625,27.328875,1.05,27.281625,4.087125,0.9555,4,17,7,2,0
1639.9818,29.91975,27.32625,1.05,27.29475,4.03725,0.987,4,17,7,2,0
1623.8312,29.911875,27.323625,1.05,27.307875,3.987375,1.0185,4,17,7,2,0
1693.6262,29.904,27.321,1.05,27.321,3.9375,1.05,5,17,7,2,0
1693.6262,29.883,27.31575,1.05,27.31575,3.861375,1.05,5,17,7,2,0
1693.6262,29.862,27.3105,1.05,27.3105,3.78525,1.05,5,17,7,2,0
1693.6262,29.841,27.30525,1.05,27.30525,3.709125,1.05,5,17,7,2,0
1677.8049,29.82,27.3,1.05,27.3,3.633,1.05,6,17,7,2,0
1686.1785,29.302875,27.108375,1.047375,27.050625,3.451875,1.05,6,17,7,2,0
1630.3547,28.78575,26.91675,1.04475,26.80125,3.27075,1.05,6,17,7,2,0
1594.9135,28.268625,26.725125,1.042125,26.551875,3.089625,1.05,6,17,7,2,0
1591.5825,27.7515,26.5335,1.0395,26.3025,2.9085,1.05,7,17,7,2,0
1575.5652,27.47325,26.284125,1.036875,26.0295,2.64075,1.05,7,17,7,2,0
1565.6912,27.195,26.03475,1.03425,25.7565,2.373,1.05,7,17,7,2,0
1536.1227,26.91675,25.785375,1.031625,25.4835,2.10525,1.05,7,17,7,2,0
1494.5413,26.6385,25.536,1.029,25.2105,1.8375,1.05,8,17,7,2,0
1502.7078,26.588625,25.4835,1.031625,25.2105,1.75875,1.05,8,17,7,2,0
1502.7078,26.53875,25.431,1.03425,25.2105,1.68,1.05,8,17,7,2,0
1482.1462,26.488875,25.3785,1.036875,25.2105,1.60125,1.05,8,17,7,2,0
1520.525,26.439,25.326,1.0395,25.2105,1.5225,1.05,9,17,7,2,0
1520.525,26.457375,25.344375,1.0395,25.21575,1.624875,1.05,9,17,7,2,0
1520.525,26.47575,25.36275,1.0395,25.221,1.72725,1.05,9,17,7,2,0
1512.3585,26.494125,25.381125,1.0395,25.22625,1.829625,1.05,9,17,7,2,0
1585.3699,26.5125,25.3995,1.0395,25.2315,1.932,1.05,10,17,7,2,0
1598.0884,26.662125,25.549125,1.03425,25.297125,2.04225,1.05,10,17,7,2,0
1589.6907,26.81175,25.69875,1.029,25.36275,2.1525,1.05,10,17,7,2,0
1631.7788,26.961375,25.848375,1.02375,25.428375,2.26275,1.05,10,17,7,2,0
1669.0479,27.111,25.998,1.0185,25.494,2.373,1.05,11,17,7,2,0
1601.6218,27.5625,26.26575,1.008,25.557,2.36775,1.031625,11,17,7,2,0
1608.8021,28.014,26.5335,0.9975,25.62,2.3625,1.01325,11,17,7,2,0
1608.8021,28.4655,26.80125,0.987,25.683,2.35725,0.994875,11,17,7,2,0
1637.2898,28.917,27.069,0.9765,25.746,2.352,0.9765,12,17,7,2,0
1646.8387,29.434125,27.313125,0.9555,25.60425,2.275875,0.96075,12,17,7,2,0
1645.0149,29.95125,27.55725,0.9345,25.4625,2.19975,0.945,12,17,7,2,0
1670.8417,30.468375,27.801375,0.9135,25.32075,2.123625,0.92925,12,17,7,2,0
1771.4071,30.9855,28.0455,0.8925,25.179,2.0475,0.9135,13,17,7,2,0
1718.8215,31.731,28.42875,0.87675,25.223625,1.869,0.89775,13,17,7,2,0
1724.9479,32.4765,28.812,0.861,25.26825,1.6905,0.882,13,17,7,2,0
1789.3215,33.222,29.19525,0.84525,25.312875,1.512,0.86625,13,17,7,2,0
1819.8353,33.9675,29.5785,0.8295,25.3575,1.3335,0.8505,14,17,7,2,0
1875.6637,34.962375,29.988,0.82425,25.664625,1.25475,0.83475,14,17,7,2,0
1911.8397,35.95725,30.3975,0.819,25.97175,1.176,0.819,14,17,7,2,0
1954.8081,36.952125,30.807,0.81375,26.278875,1.09725,0.80325,14,17,7,2,0
2001.5756,37.947,31.2165,0.8085,26.586,1.0185,0.7875,15,17,7,2,0
1908.4542,38.348625,31.59975,0.7875,26.4285,1.155,0.7665,15,17,7,2,0
1907.0503,38.75025,31.983,0.7665,26.271,1.2915,0.7455,15,17,7,2,0
1943.0774,39.151875,32.36625,0.7455,26.1135,1.428,0.7245,15,17,7,2,0
1967.578,39.5535,32.7495,0.7245,25.956,1.5645,0.7035,16,17,7,2,0
1971.7919,39.461625,32.9805,0.700875,25.6095,1.687875,0.679875,16,17,7,2,0
1985.7731,39.36975,33.2115,0.67725,25.263,1.81125,0.65625,16,17,7,2,0
1965.6919,39.277875,33.4425,0.653625,24.9165,1.934625,0.632625,16,17,7,2,0
1957.3129,39.186,33.6735,0.63,24.57,2.058,0.609,17,17,7,2,0
1919.622,38.86575,33.474,0.63525,24.5175,2.05275,0.609,17,17,7,2,0
1909.377,38.5455,33.2745,0.6405,24.465,2.0475,0.609,17,17,7,2,0
1902.8116,38.22525,33.075,0.64575,24.4125,2.04225,0.609,17,17,7,2,0
1915.2151,37.905,32.8755,0.651,24.36,2.037,0.609,18,17,7,2,0
1896.2783,37.5585,32.594625,0.664125,24.394125,1.97925,0.609,18,17,7,2,0
1895.7737,37.212,32.31375,0.67725,24.42825,1.9215,0.609,18,17,7,2,0
1895.7737,36.8655,32.032875,0.690375,24.462375,1.86375,0.609,18,17,7,2,0
1922.1543,36.519,31.752,0.7035,24.4965,1.806,0.609,19,17,7,2,0
1925.2347,36.54,31.70475,0.70875,24.588375,1.7955,0.632625,19,17,7,2,0
1924.2734,36.561,31.6575,0.714,24.68025,1.785,0.65625,19,17,7,2,0
1924.2734,36.582,31.61025,0.71925,24.772125,1.7745,0.679875,19,17,7,2,0
2063.7957,36.603,31.563,0.7245,24.864,1.764,0.7035,20,17,7,2,0
2061.0051,36.477,31.423875,0.732375,24.94275,1.740375,0.7245,20,17,7,2,0
2064.2063,36.351,31.28475,0.74025,25.0215,1.71675,0.7455,20,17,7,2,0
2061.8445,36.225,31.145625,0.748125,25.10025,1.693125,0.7665,20,17,7,2,0
2237.1384,36.099,31.0065,0.756,25.179,1.6695,0.7875,21,17,7,2,0
2222.9182,35.849625,30.851625,0.76125,25.1685,1.63275,0.7875,21,17,7,2,0
2202.99,35.60025,30.69675,0.7665,25.158,1.596,0.7875,21,17,7,2,0
2176.123,35.350875,30.541875,0.77175,25.1475,1.55925,0.7875,21,17,7,2,0
2343.4463,35.1015,30.387,0.777,25.137,1.5225,0.7875,22,17,7,2,0
2285.73,34.909875,30.268875,0.78225,25.13175,1.519875,0.7455,22,17,7,2,0
2241.9553,34.71825,30.15075,0.7875,25.1265,1.51725,0.7035,22,17,7,2,0
2178.5852,34.526625,30.032625,0.79275,25.12125,1.514625,0.6615,22,17,7,2,0
2201.4814,34.335,29.9145,0.798,25.116,1.512,0.6195,23,17,7,2,0
2385.1362,36.3825,29.3475,0.8505,25.9875,0.5565,0.609,23,17,7,2,0
2368.4119,36.33,29.295,0.861,26.25,0.5565,0.5985,23,17,7,2,0
2368.4119,36.2775,29.2425,0.861,25.9875,0.5565,0.5775,23,17,7,2,0
2148.0942,33.7365,29.3475,0.8505,25.6095,2.121,0.462,0,18,7,3,0
2045.2465,33.345375,29.09025,0.868875,25.717125,2.239125,0.501375,0,18,7,3,0
2027.6897,32.95425,28.833,0.88725,25.82475,2.35725,0.54075,0,18,7,3,0
1996.1072,32.563125,28.57575,0.905625,25.932375,2.475375,0.580125,0,18,7,3,0
1872.2041,32.172,28.3185,0.924,26.04,2.5935,0.6195,1,18,7,3,0
1796.8973,31.09575,27.93525,0.937125,25.89825,2.5095,0.695625,1,18,7,3,0
1753.1022,30.0195,27.552,0.95025,25.7565,2.4255,0.77175,1,18,7,3,0
1665.9938,28.94325,27.16875,0.963375,25.61475,2.3415,0.847875,1,18,7,3,0
1615.8575,27.867,26.7855,0.9765,25.473,2.2575,0.924,2,18,7,3,0
1595.1923,27.607125,26.5335,0.98175,25.344375,2.331,0.9555,2,18,7,3,0
1549.7024,27.34725,26.2815,0.987,25.21575,2.4045,0.987,2,18,7,3,0
1549.7024,27.087375,26.0295,0.99225,25.087125,2.478,1.0185,2,18,7,3,0
1579.215,26.8275,25.7775,0.9975,24.9585,2.5515,1.05,3,18,7,3,0
1537.3658,26.567625,25.52025,1.008,24.843,2.58825,1.05,3,18,7,3,0
1533.1776,26.30775,25.263,1.0185,24.7275,2.625,1.05,3,18,7,3,0
1533.1776,26.047875,25.00575,1.029,24.612,2.66175,1.05,3,18,7,3,0
1529.353,25.788,24.7485,1.0395,24.4965,2.6985,1.05,4,18,7,3,0
1529.353,25.767,24.745875,1.031625,24.381,2.59875,1.05,4,18,7,3,0
1529.353,25.746,24.74325,1.02375,24.2655,2.499,1.05,4,18,7,3,0
1529.353,25.725,24.740625,1.015875,24.15,2.39925,1.05,4,18,7,3,0
1531.5465,25.704,24.738,1.008,24.0345,2.2995,1.05,5,18,7,3,0
1466.1694,26.019,25.071375,0.989625,24.024,2.275875,1.0185,5,18,7,3,0
1466.1694,26.334,25.40475,0.97125,24.0135,2.25225,0.987,5,18,7,3,0
1477.1589,26.649,25.738125,0.952875,24.003,2.228625,0.9555,5,18,7,3,0
1436.8986,26.964,26.0715,0.9345,23.9925,2.205,0.924,6,18,7,3,0
1461.36,27.145125,26.2395,0.931875,24.1185,2.113125,0.90825,6,18,7,3,0
1461.36,27.32625,26.4075,0.92925,24.2445,2.02125,0.8925,6,18,7,3,0
1500.1462,27.507375,26.5755,0.926625,24.3705,1.929375,0.87675,6,18,7,3,0
1487.9377,27.6885,26.7435,0.924,24.4965,1.8375,0.861,7,18,7,3,0
1487.1697,27.575625,26.61225,0.9345,24.5805,1.86375,0.87675,7,18,7,3,0
1481.2085,27.46275,26.481,0.945,24.6645,1.89,0.8925,7,18,7,3,0
1456.3938,27.349875,26.34975,0.9555,24.7485,1.91625,0.90825,7,18,7,3,0
1468.5232,27.237,26.2185,0.966,24.8325,1.9425,0.924,8,18,7,3,0
1468.5232,27.18975,26.17125,0.97125,24.840375,2.008125,0.924,8,18,7,3,0
1468.5232,27.1425,26.124,0.9765,24.84825,2.07375,0.924,8,18,7,3,0
1468.5232,27.09525,26.07675,0.98175,24.856125,2.139375,0.924,8,18,7,3,0
1474.5975,27.048,26.0295,0.987,24.864,2.205,0.924,9,18,7,3,0
1501.9904,27.15825,26.121375,0.989625,25.01625,2.349375,0.93975,9,18,7,3,0
1502.649,27.2685,26.21325,0.99225,25.1685,2.49375,0.9555,9,18,7,3,0
1524.0557,27.37875,26.305125,0.994875,25.32075,2.638125,0.97125,9,18,7,3,0
1588.264,27.489,26.397,0.9975,25.473,2.7825,0.987,10,18,7,3,0
1587.9255,27.55725,26.45475,0.9975,25.5465,2.879625,1.00275,10,18,7,3,0
1593.3108,27.6255,26.5125,0.9975,25.62,2.97675,1.0185,10,18,7,3,0
1589.9152,27.69375,26.57025,0.9975,25.6935,3.073875,1.03425,10,18,7,3,0
1671.6835,27.762,26.628,0.9975,25.767,3.171,1.05,11,18,7,3,0
1601.5375,27.75675,26.63325,0.994875,25.704,3.02925,1.03425,11,18,7,3,0
1604.9329,27.7515,26.6385,0.99225,25.641,2.8875,1.0185,11,18,7,3,0
1605.2714,27.74625,26.64375,0.989625,25.578,2.74575,1.00275,11,18,7,3,0
1587.6837,27.741,26.649,0.987,25.515,2.604,0.987,12,18,7,3,0
1594.6096,28.245,26.835375,0.979125,25.5885,2.512125,0.97125,12,18,7,3,0
1618.3,28.749,27.02175,0.97125,25.662,2.42025,0.9555,12,18,7,3,0
1656.1652,29.253,27.208125,0.963375,25.7355,2.328375,0.93975,12,18,7,3,0
1744.3368,29.757,27.3945,0.9555,25.809,2.2365,0.924,13,18,7,3,0
1771.3807,30.71775,27.78825,0.942375,25.937625,2.17875,0.924,13,18,7,3,0
1721.9841,31.6785,28.182,0.92925,26.06625,2.121,0.924,13,18,7,3,0
1727.6843,32.63925,28.57575,0.916125,26.194875,2.06325,0.924,13,18,7,3,0
1798.4366,33.6,28.9695,0.903,26.3235,2.0055,0.924,14,18,7,3,0
1835.2556,34.148625,29.295,0.884625,26.26575,1.997625,0.90825,14,18,7,3,0
1834.8123,34.69725,29.6205,0.86625,26.208,1.98975,0.8925,14,18,7,3,0
1844.712,35.245875,29.946,0.847875,26.15025,1.981875,0.87675,14,18,7,3,0
1880.2615,35.7945,30.2715,0.8295,26.0925,1.974,0.861,15,18,7,3,0
1894.2472,36.054375,30.46575,0.819,26.0295,2.023875,0.842625,15,18,7,3,0
1921.0293,36.31425,30.66,0.8085,25.9665,2.07375,0.82425,15,18,7,3,0
1918.9225,36.574125,30.85425,0.798,25.9035,2.123625,0.805875,15,18,7,3,0
1952.3854,36.834,31.0485,0.7875,25.8405,2.1735,0.7875,16,18,7,3,0
1951.2001,36.93375,31.11675,0.784875,25.832625,2.10525,0.7875,16,18,7,3,0
1951.2001,37.0335,31.185,0.78225,25.82475,2.037,0.7875,16,18,7,3,0
1953.5618,37.13325,31.25325,0.779625,25.816875,1.96875,0.7875,16,18,7,3,0
1949.021,37.233,31.3215,0.777,25.809,1.9005,0.7875,17,18,7,3,0
1949.021,37.135875,31.31625,0.77175,25.722375,1.750875,0.7875,17,18,7,3,0
1949.021,37.03875,31.311,0.7665,25.63575,1.60125,0.7875,17,18,7,3,0
1946.2845,36.941625,31.30575,0.76125,25.549125,1.451625,0.7875,17,18,7,3,0
1952.768,36.8445,31.3005,0.756,25.4625,1.302,0.7875,18,18,7,3,0
1952.768,36.77625,31.31625,0.75075,25.37325,1.26525,0.7875,18,18,7,3,0
1952.768,36.708,31.332,0.7455,25.284,1.2285,0.7875,18,18,7,3,0
1929.3828,36.63975,31.34775,0.74025,25.19475,1.19175,0.7875,18,18,7,3,0
1991.9646,36.5715,31.3635,0.735,25.1055,1.155,0.7875,19,18,7,3,0
2014.5988,36.29325,31.276875,0.732375,24.945375,0.979125,0.7875,19,18,7,3,0
2026.3091,36.015,31.19025,0.72975,24.78525,0.80325,0.7875,19,18,7,3,0
2020.4424,35.73675,31.103625,0.727125,24.625125,0.627375,0.7875,19,18,7,3,0
2098.3582,35.4585,31.017,0.7245,24.465,0.4515,0.7875,20,18,7,3,0
2027.8785,35.293125,30.914625,0.727125,24.444,0.338625,0.7455,20,18,7,3,0
2024.6774,35.12775,30.81225,0.72975,24.423,0.22575,0.7035,20,18,7,3,0
2006.5833,34.962375,30.709875,0.732375,24.402,0.112875,0.6615,20,18,7,3,0
2114.7422,34.797,30.6075,0.735,24.381,0.0,0.6195,21,18,7,3,0
2084.2146,34.694625,30.473625,0.748125,24.504375,0.0,0.580125,21,18,7,3,0
2061.833,34.59225,30.33975,0.76125,24.62775,0.0,0.54075,21,18,7,3,0
2048.851,34.489875,30.205875,0.774375,24.751125,0.0,0.501375,21,18,7,3,0
2162.6868,34.3875,30.072,0.7875,24.8745,0.0,0.462,22,18,7,3,0
2185.2158,33.859875,29.801625,0.79275,24.740625,0.1995,0.462,22,18,7,3,0
2157.598,33.33225,29.53125,0.798,24.60675,0.399,0.462,22,18,7,3,0
2117.107,32.804625,29.260875,0.80325,24.472875,0.5985,0.462,22,18,7,3,0
2005.554,32.277,28.9905,0.8085,24.339,0.798,0.462,23,18,7,3,0
2269.6814,35.8575,29.5575,0.8295,25.9875,1.0815,0.105,23,18,7,3,0
2267.1118,35.805,29.505,0.84,26.25,1.0815,0.1155,23,18,7,3,0
2263.7678,35.7525,29.4525,0.8505,26.25,1.0815,0.126,23,18,7,3,0
1119.3917,24.0975,23.961,0.714,17.535,0.0,0.1785,0,27,10,6,1
1086.8488,23.832375,23.71425,0.71925,17.369625,0.0,0.18375,0,27,10,6,1
1050.2445,23.56725,23.4675,0.7245,17.20425,0.0,0.189,0,27,10,6,1
1050.2445,23.302125,23.22075,0.72975,17.038875,0.0,0.19425,0,27,10,6,1
1066.485,23.037,22.974,0.735,16.8735,0.0,0.1995,1,27,10,6,1
992.5535,22.9215,22.8375,0.748125,17.028375,0.007875,0.1995,1,27,10,6,1
992.5535,22.806,22.701,0.76125,17.18325,0.01575,0.1995,1,27,10,6,1
992.5535,22.6905,22.5645,0.774375,17.338125,0.023625,0.1995,1,27,10,6,1
995.27,22.575,22.428,0.7875,17.493,0.0315,0.1995,2,27,10,6,1
992.745,22.609125,22.446375,0.790125,17.61375,0.042,0.1995,2,27,10,6,1
992.745,22.64325,22.46475,0.79275,17.7345,0.0525,0.1995,2,27,10,6,1
987.4252,22.677375,22.483125,0.795375,17.85525,0.063,0.1995,2,27,10,6,1
989.1869,22.7115,22.5015,0.798,17.976,0.0735,0.1995,3,27,10,6,1
989.1869,22.764,22.561875,0.795375,17.9445,0.0735,0.202125,3,27,10,6,1
989.1869,22.8165,22.62225,0.79275,17.913,0.0735,0.20475,3,27,10,6,1
989.1869,22.869,22.682625,0.790125,17.8815,0.0735,0.207375,3,27,10,6,1
1031.0549,22.9215,22.743,0.7875,17.85,0.0735,0.21,4,27,10,6,1
1031.0549,22.77975,22.598625,0.79275,17.829,0.070875,0.181125,4,27,10,6,1
1031.0549,22.638,22.45425,0.798,17.808,0.06825,0.15225,4,27,10,6,1
1005.1138,22.49625,22.309875,0.80325,17.787,0.065625,0.123375,4,27,10,6,1
1107.3444,22.3545,22.1655,0.8085,17.766,0.063,0.0945,5,27,10,6,1
1108.8602,22.231125,22.036875,0.816375,17.789625,0.04725,0.070875,5,27,10,6,1
1090.6334,22.10775,21.90825,0.82425,17.81325,0.0315,0.04725,5,27,10,6,1
1034.8699,21.984375,21.779625,0.832125,17.836875,0.01575,0.023625,5,27,10,6,1
1151.0677,21.861,21.651,0.84,17.8605,0.0,0.0,6,27,10,6,1
1151.0677,21.753375,21.55125,0.84,17.784375,0.12075,0.0,6,27,10,6,1
1149.4939,21.64575,21.4515,0.84,17.70825,0.2415,0.0,6,27,10,6,1
1154.4141,21.538125,21.35175,0.84,17.632125,0.36225,0.0,6,27,10,6,1
1216.8335,21.4305,21.252,0.84,17.556,0.483,0.0,7,27,10,6,1
1214.6709,21.26775,21.11025,0.837375,17.3565,0.774375,0.0,7,27,10,6,1
1202.6345,21.105,20.9685,0.83475,17.157,1.06575,0.0,7,27,10,6,1
1194.0741,20.94225,20.82675,0.832125,16.9575,1.357125,0.0,7,27,10,6,1
1219.872,20.7795,20.685,0.8295,16.758,1.6485,0.0,8,27,10,6,1
1219.8788,21.18375,21.102375,0.8085,16.729125,1.876875,0.0,8,27,10,6,1
1219.8788,21.588,21.51975,0.7875,16.70025,2.10525,0.0,8,27,10,6,1
1223.2877,21.99225,21.937125,0.7665,16.671375,2.333625,0.0,8,27,10,6,1
1260.3247,22.3965,22.3545,0.7455,16.6425,2.562,0.0,9,27,10,6,1
1264.5869,22.97925,22.94775,0.71925,16.569,2.646,0.0,9,27,10,6,1
1267.1223,23.562,23.541,0.693,16.4955,2.73,0.0,9,27,10,6,1
1278.4218,24.14475,24.13425,0.66675,16.422,2.814,0.0,9,27,10,6,1
1307.873,24.7275,24.7275,0.6405,16.3485,2.898,0.0,10,27,10,6,1
1306.4799,25.18425,25.18425,0.6195,16.172625,2.874375,0.0,10,27,10,6,1
1294.2726,25.641,25.641,0.5985,15.99675,2.85075,0.0,10,27,10,6,1
1285.3112,26.09775,26.09775,0.5775,15.820875,2.827125,0.0,10,27,10,6,1
1285.2286,26.5545,26.5545,0.5565,15.645,2.8035,0.0,11,27,10,6,1
1302.9254,27.260625,27.2475,0.5355,15.66075,2.895375,0.0,11,27,10,6,1
1325.2045,27.96675,27.9405,0.5145,15.6765,2.98725,0.0,11,27,10,6,1
1334.5594,28.672875,28.6335,0.4935,15.69225,3.079125,0.0,11,27,10,6,1
1317.9784,29.379,29.3265,0.4725,15.708,3.171,0.0,12,27,10,6,1
1310.4237,29.81475,29.775375,0.459375,15.652875,3.247125,0.0,12,27,10,6,1
1314.4635,30.2505,30.22425,0.44625,15.59775,3.32325,0.0,12,27,10,6,1
1314.1693,30.68625,30.673125,0.433125,15.542625,3.399375,0.0,12,27,10,6,1
1251.0365,31.122,31.122,0.42,15.4875,3.4755,0.0,13,27,10,6,1
1246.5924,31.366125,31.366125,0.4095,15.18825,3.65925,0.0,13,27,10,6,1
1312.7975,31.61025,31.61025,0.399,14.889,3.843,0.0,13,27,10,6,1
1299.5819,31.854375,31.854375,0.3885,14.58975,4.02675,0.0,13,27,10,6,1
1286.9531,32.0985,32.0985,0.378,14.2905,4.2105,0.0,14,27,10,6,1
1272.5798,32.2245,32.2245,0.37275,14.1855,4.213125,0.0,14,27,10,6,1
1291.2749,32.3505,32.3505,0.3675,14.0805,4.21575,0.0,14,27,10,6,1
1284.5146,32.4765,32.4765,0.36225,13.9755,4.218375,0.0,14,27,10,6,1
1276.8185,32.6025,32.6025,0.357,13.8705,4.221,0.0,15,27,10,6,1
1262.0247,32.51325,32.51325,0.357,13.8285,3.99525,0.0,15,27,10,6,1
1262.0247,32.424,32.424,0.357,13.7865,3.7695,0.0,15,27,10,6,1
1261.654,32.33475,32.33475,0.357,13.7445,3.54375,0.0,15,27,10,6,1
1241.1997,32.2455,32.2455,0.357,13.7025,3.318,0.0,16,27,10,6,1
1244.3125,31.880625,31.880625,0.36225,13.610625,3.173625,0.0,16,27,10,6,1
1227.928,31.51575,31.51575,0.3675,13.51875,3.02925,0.0,16,27,10,6,1
1215.5815,31.150875,31.150875,0.37275,13.426875,2.884875,0.0,16,27,10,6,1
1216.9434,30.786,30.786,0.378,13.335,2.7405,0.0,17,27,10,6,1
1237.8989,30.38175,30.38175,0.396375,13.6605,2.52,0.0,17,27,10,6,1
1231.2201,29.9775,29.9775,0.41475,13.986,2.2995,0.0,17,27,10,6,1
1233.1906,29.57325,29.57325,0.433125,14.3115,2.079,0.0,17,27,10,6,1
1348.8835,29.169,29.169,0.4515,14.637,1.8585,0.0,18,27,10,6,1
1340.3306,28.877625,28.877625,0.45675,14.597625,1.546125,0.0,18,27,10,6,1
1309.7101,28.58625,28.58625,0.462,14.55825,1.23375,0.0,18,27,10,6,1
1316.6154,28.294875,28.294875,0.46725,14.518875,0.921375,0.0,18,27,10,6,1
1355.3066,28.0035,28.0035,0.4725,14.4795,0.609,0.0,19,27,10,6,1
1346.7633,27.780375,27.780375,0.469875,14.219625,0.45675,0.0,19,27,10,6,1
1340.3188,27.55725,27.55725,0.46725,13.95975,0.3045,0.0,19,27,10,6,1
1303.7981,27.334125,27.334125,0.464625,13.699875,0.15225,0.0,19,27,10,6,1
1287.1202,27.111,27.111,0.462,13.44,0.0,0.0,20,27,10,6,1
1279.1304,26.998125,26.998125,0.46725,13.484625,0.018375,0.0,20,27,10,6,1
1276.5104,26.88525,26.88525,0.4725,13.52925,0.03675,0.0,20,27,10,6,1
1245.6572,26.772375,26.772375,0.47775,13.573875,0.055125,0.0,20,27,10,6,1
1214.9822,26.6595,26.6595,0.483,13.6185,0.0735,0.0,21,27,10,6,1
1214.9822,26.523,26.523,0.48825,13.63425,0.081375,0.0,21,27,10,6,1
1205.0051,26.3865,26.3865,0.4935,13.65,0.08925,0.0,21,27,10,6,1
1198.1069,26.25,26.25,0.49875,13.66575,0.097125,0.0,21,27,10,6,1
1204.4824,26.1135,26.1135,0.504,13.6815,0.105,0.0,22,27,10,6,1
1204.4824,25.848375,25.848375,0.511875,13.705125,0.107625,0.0,22,27,10,6,1
1204.4824,25.58325,25.58325,0.51975,13.72875,0.11025,0.0,22,27,10,6,1
1177.5116,25.318125,25.318125,0.527625,13.752375,0.112875,0.0,22,27,10,6,1
1162.8168,25.053,25.053,0.5355,13.776,0.1155,0.0,23,27,10,6,1
1104.7881,24.15,24.15,0.609,14.9625,1.05,0.0105,23,27,10,6,1
1104.7881,24.15,24.15,0.609,14.7,1.05,0.0105,23,27,10,6,1
1046.7808,23.8875,23.8875,0.6195,14.7,1.05,0.0105,23,27,10,6,1
859.0383,6.531,7.308,0.672,0.735,1.533,0.0,0,31,12,1,0
859.0383,6.46275,7.237125,0.669375,0.61425,1.525125,0.0,0,31,12,1,0
859.0383,6.3945,7.16625,0.66675,0.4935,1.51725,0.0,0,31,12,1,0
855.8827,6.32625,7.095375,0.664125,0.37275,1.509375,0.0,0,31,12,1,0
754.0482,6.258,7.0245,0.6615,0.252,1.5015,0.0,1,31,12,1,0
754.0482,6.195,6.97725,0.658875,0.139125,1.50675,0.0,1,31,12,1,0
757.20386,6.132,6.93,0.65625,0.02625,1.512,0.0,1,31,12,1,0
774.0438,6.069,6.88275,0.653625,-0.086625,1.51725,0.0,1,31,12,1,0
730.9736,6.006,6.8355,0.651,-0.1995,1.5225,0.0,2,31,12,1,0
730.9736,5.964,6.79875,0.648375,-0.2835,1.525125,0.0,2,31,12,1,0
730.9736,5.922,6.762,0.64575,-0.3675,1.52775,0.0,2,31,12,1,0
730.9736,5.88,6.72525,0.643125,-0.4515,1.530375,0.0,2,31,12,1,0
730.9736,5.838,6.6885,0.6405,-0.5355,1.533,0.0,3,31,12,1,0
730.9736,5.751375,6.622875,0.6405,-0.595875,1.540875,0.0,3,31,12,1,0
730.9736,5.66475,6.55725,0.6405,-0.65625,1.54875,0.0,3,31,12,1,0
730.9736,5.578125,6.491625,0.6405,-0.716625,1.556625,0.0,3,31,12,1,0
764.93164,5.4915,6.426,0.6405,-0.777,1.5645,0.0,4,31,12,1,0
764.93164,5.394375,6.3525,0.643125,-0.8295,1.577625,0.0,4,31,12,1,0
764.93164,5.29725,6.279,0.64575,-0.882,1.59075,0.0,4,31,12,1,0
764.93164,5.200125,6.2055,0.648375,-0.9345,1.603875,0.0,4,31,12,1,0
944.45044,5.103,6.132,0.651,-0.987,1.617,0.0,5,31,12,1,0
944.45044,4.9245,5.982375,0.64575,-1.220625,1.62225,0.0,5,31,12,1,0
944.45044,4.746,5.83275,0.6405,-1.45425,1.6275,0.0,5,31,12,1,0
944.45044,4.5675,5.683125,0.63525,-1.687875,1.63275,0.0,5,31,12,1,0
1310.6738,4.389,5.5335,0.63,-1.9215,1.638,0.0,6,31,12,1,0
1307.1118,4.02675,5.28675,0.627375,-2.23125,1.703625,0.0,6,31,12,1,0
1304.4224,3.6645,5.04,0.62475,-2.541,1.76925,0.0,6,31,12,1,0
1304.4224,3.30225,4.79325,0.622125,-2.85075,1.834875,0.0,6,31,12,1,0
1617.2415,2.94,4.5465,0.6195,-3.1605,1.9005,0.0,7,31,12,1,0
1622.0262,2.748375,4.46775,0.62475,-3.089625,1.992375,0.013125,7,31,12,1,0
1624.1981,2.55675,4.389,0.63,-3.01875,2.08425,0.02625,7,31,12,1,0
1624.1981,2.365125,4.31025,0.63525,-2.947875,2.176125,0.039375,7,31,12,1,0
1902.5131,2.1735,4.2315,0.6405,-2.877,2.268,0.0525,8,31,12,1,0
1902.5131,2.449125,4.49925,0.637875,-2.685375,2.307375,0.065625,8,31,12,1,0
1902.5131,2.72475,4.767,0.63525,-2.49375,2.34675,0.07875,8,31,12,1,0
1903.1718,3.000375,5.03475,0.632625,-2.302125,2.386125,0.091875,8,31,12,1,0
2048.439,3.276,5.3025,0.63,-2.1105,2.4255,0.105,9,31,12,1,0
2049.2056,3.934875,5.88525,0.601125,-2.29425,2.443875,0.091875,9,31,12,1,0
2049.2056,4.59375,6.468,0.57225,-2.478,2.46225,0.07875,9,31,12,1,0
2049.2056,5.252625,7.05075,0.543375,-2.66175,2.480625,0.065625,9,31,12,1,0
2103.815,5.9115,7.6335,0.5145,-2.8455,2.499,0.0525,10,31,12,1,0
2103.1519,6.811875,8.274,0.485625,-3.178875,2.4675,0.039375,10,31,12,1,0
2103.1519,7.71225,8.9145,0.45675,-3.51225,2.436,0.02625,10,31,12,1,0
2099.0356,8.612625,9.555,0.427875,-3.845625,2.4045,0.013125,10,31,12,1,0
2095.3196,9.513,10.1955,0.399,-4.179,2.373,0.0,11,31,12,1,0
2098.377,10.2585,10.749375,0.378,-4.53075,2.34675,0.00525,11,31,12,1,0
2098.377,11.004,11.30325,0.357,-4.8825,2.3205,0.0105,11,31,12,1,0
2102.4932,11.7495,11.857125,0.336,-5.23425,2.29425,0.01575,11,31,12,1,0
2003.7566,12.495,12.411,0.315,-5.586,2.268,0.021,12,31,12,1,0
2003.7566,13.059375,12.996375,0.294,-6.071625,2.31,0.0315,12,31,12,1,0
1992.9169,13.62375,13.58175,0.273,-6.55725,2.352,0.042,12,31,12,1,0
1994.2386,14.188125,14.167125,0.252,-7.042875,2.394,0.0525,12,31,12,1,0
1694.6769,14.7525,14.7525,0.231,-7.5285,2.436,0.063,13,31,12,1,0
1694.6769,14.96775,14.96775,0.22575,-7.76475,2.4675,0.07875,13,31,12,1,0
1691.2969,15.183,15.183,0.2205,-8.001,2.499,0.0945,13,31,12,1,0
1690.8014,15.39825,15.39825,0.21525,-8.23725,2.5305,0.11025,13,31,12,1,0
1676.4241,15.6135,15.6135,0.21,-8.4735,2.562,0.126,14,31,12,1,0
1676.4241,15.595125,15.595125,0.212625,-8.208375,2.54625,0.149625,14,31,12,1,0
1676.4241,15.57675,15.57675,0.21525,-7.94325,2.5305,0.17325,14,31,12,1,0
1676.4241,15.558375,15.558375,0.217875,-7.678125,2.51475,0.196875,14,31,12,1,0
1660.2283,15.54,15.54,0.2205,-7.413,2.499,0.2205,15,31,12,1,0
1660.2283,15.537375,15.537375,0.231,-6.90375,2.433375,0.25725,15,31,12,1,0
1659.5696,15.53475,15.53475,0.2415,-6.3945,2.36775,0.294,15,31,12,1,0
1693.6307,15.532125,15.532125,0.252,-5.88525,2.302125,0.33075,15,31,12,1,0
1693.6307,15.5295,15.5295,0.2625,-5.376,2.2365,0.3675,16,31,12,1,0
1700.0336,15.311625,15.311625,0.27825,-4.853625,2.07375,0.40425,16,31,12,1,0
1703.4136,15.09375,15.09375,0.294,-4.33125,1.911,0.441,16,31,12,1,0
1691.3673,14.875875,14.875875,0.30975,-3.808875,1.74825,0.47775,16,31,12,1,0
1716.9858,14.658,14.658,0.3255,-3.2865,1.5855,0.5145,17,31,12,1,0
1792.1669,14.366625,14.366625,0.338625,-2.958375,1.435875,0.5565,17,31,12,1,0
1792.1669,14.07525,14.07525,0.35175,-2.63025,1.28625,0.5985,17,31,12,1,0
1792.1669,13.783875,13.783875,0.364875,-2.302125,1.136625,0.6405,17,31,12,1,0
1823.6318,13.4925,13.4925,0.378,-1.974,0.987,0.6825,18,31,12,1,0
1828.5071,13.180125,13.180125,0.391125,-1.787625,0.973875,0.7245,18,31,12,1,0
1834.2902,12.86775,12.86775,0.40425,-1.60125,0.96075,0.7665,18,31,12,1,0
1838.0309,12.555375,12.555375,0.417375,-1.414875,0.947625,0.8085,18,31,12,1,0
1863.2266,12.243,12.243,0.4305,-1.2285,0.9345,0.8505,19,31,12,1,0
1863.2266,11.91225,11.91225,0.44625,-1.071,0.952875,0.884625,19,31,12,1,0
1863.2266,11.5815,11.5815,0.462,-0.9135,0.97125,0.91875,19,31,12,1,0
1868.6682,11.25075,11.25075,0.47775,-0.756,0.989625,0.952875,19,31,12,1,0
1770.2947,10.92,10.92,0.4935,-0.5985,1.008,0.987,20,31,12,1,0
1770.2947,10.65225,10.65225,0.504,-0.5355,1.015875,1.000125,20,31,12,1,0
1770.2947,10.3845,10.3845,0.5145,-0.4725,1.02375,1.01325,20,31,12,1,0
1805.3943,10.11675,10.11675,0.525,-0.4095,1.031625,1.026375,20,31,12,1,0
1702.7737,9.849,9.849,0.5355,-0.3465,1.0395,1.0395,21,31,12,1,0
1702.7737,9.625875,9.625875,0.54075,-0.380625,1.036875,1.031625,21,31,12,1,0
1701.0946,9.40275,9.40275,0.546,-0.41475,1.03425,1.02375,21,31,12,1,0
1701.0946,9.179625,9.179625,0.55125,-0.448875,1.031625,1.015875,21,31,12,1,0
1546.2311,8.9565,8.9565,0.5565,-0.483,1.029,1.008,22,31,12,1,0
1546.2311,8.76225,8.76225,0.56175,-0.559125,1.026375,0.99225,22,31,12,1,0
1546.2311,8.568,8.568,0.567,-0.63525,1.02375,0.9765,22,31,12,1,0
1546.2311,8.37375,8.37375,0.57225,-0.711375,1.021125,0.96075,22,31,12,1,0
1378.4375,8.1795,8.1795,0.5775,-0.7875,1.0185,0.945,23,31,12,1,0
1083.2438,7.35,7.35,0.609,4.0215,0.0,0.1995,23,31,12,1,0
1082.92,7.35,7.35,0.6195,4.095,0.0,0.168,23,31,12,1,0
1082.896,7.35,7.35,0.6405,4.1475,0.2625,0.1785,23,31,12,1,0
869.71,7.6545,7.6545,0.609,-0.5355,0.9345,0.819,0,1,1,2,0
847.0947,7.520625,7.520625,0.609,-0.65625,0.93975,0.774375,0,1,1,2,0
847.0947,7.38675,7.38675,0.609,-0.777,0.945,0.72975,0,1,1,2,0
848.89136,7.252875,7.252875,0.609,-0.89775,0.95025,0.685125,0,1,1,2,0
725.9692,7.119,7.119,0.609,-1.0185,0.9555,0.6405,1,1,1,2,0
725.9692,6.993,6.993,0.609,-1.14975,0.9555,0.5985,1,1,1,2,0
725.9692,6.867,6.867,0.609,-1.281,0.9555,0.5565,1,1,1,2,0
725.9692,6.741,6.741,0.609,-1.41225,0.9555,0.5145,1,1,1,2,0
693.47266,6.615,6.615,0.609,-1.5435,0.9555,0.4725,2,1,1,2,0
699.07104,6.51,6.51,0.609,-1.624875,0.952875,0.464625,2,1,1,2,0
690.3965,6.405,6.405,0.609,-1.70625,0.95025,0.45675,2,1,1,2,0
690.3965,6.3,6.3,0.609,-1.787625,0.947625,0.448875,2,1,1,2,0
690.3965,6.195,6.195,0.609,-1.869,0.945,0.441,3,1,1,2,0
699.07104,6.069,6.069,0.611625,-1.939875,0.958125,0.462,3,1,1,2,0
693.47266,5.943,5.943,0.61425,-2.01075,0.97125,0.483,3,1,1,2,0
703.781,5.817,5.817,0.616875,-2.081625,0.984375,0.504,3,1,1,2,0
731.62036,5.691,5.691,0.6195,-2.1525,0.9975,0.525,4,1,1,2,0
731.62036,5.578125,5.578125,0.6195,-2.205,1.010625,0.559125,4,1,1,2,0
731.62036,5.46525,5.46525,0.6195,-2.2575,1.02375,0.59325,4,1,1,2,0
731.62036,5.352375,5.352375,0.6195,-2.31,1.036875,0.627375,4,1,1,2,0
911.23096,5.2395,5.2395,0.6195,-2.3625,1.05,0.6615,5,1,1,2,0
923.09644,5.236875,5.215875,0.622125,-2.338875,1.08675,0.68775,5,1,1,2,0
921.2998,5.23425,5.19225,0.62475,-2.31525,1.1235,0.714,5,1,1,2,0
921.2998,5.231625,5.168625,0.627375,-2.291625,1.16025,0.74025,5,1,1,2,0
1327.2943,5.229,5.145,0.63,-2.268,1.197,0.7665,6,1,1,2,0
1342.4252,5.0295,5.137125,0.63525,-2.184,1.288875,0.790125,6,1,1,2,0
1345.6847,4.83,5.12925,0.6405,-2.1,1.38075,0.81375,6,1,1,2,0
1333.4375,4.6305,5.121375,0.64575,-2.016,1.472625,0.837375,6,1,1,2,0
1628.4758,4.431,5.1135,0.651,-1.932,1.5645,0.861,7,1,1,2,0
1630.1411,4.36275,5.273625,0.648375,-1.80075,1.68,0.882,7,1,1,2,0
1630.1411,4.2945,5.43375,0.64575,-1.6695,1.7955,0.903,7,1,1,2,0
1630.1411,4.22625,5.593875,0.643125,-1.53825,1.911,0.924,7,1,1,2,0
1797.927,4.158,5.754,0.6405,-1.407,2.0265,0.945,8,1,1,2,0
1793.1638,4.659375,6.234375,0.63,-1.210125,2.086875,0.9555,8,1,1,2,0
1793.5721,5.16075,6.71475,0.6195,-1.01325,2.14725,0.966,8,1,1,2,0
1793.5721,5.662125,7.195125,0.609,-0.816375,2.207625,0.9765,8,1,1,2,0
1910.9741,6.1635,7.6755,0.5985,-0.6195,2.268,0.987,9,1,1,2,0
1910.9741,7.14,8.42625,0.580125,-0.427875,2.270625,0.989625,9,1,1,2,0
1910.9741,8.1165,9.177,0.56175,-0.23625,2.27325,0.99225,9,1,1,2,0
1910.9741,9.093,9.92775,0.543375,-0.044625,2.275875,0.994875,9,1,1,2,0
1948.2308,10.0695,10.6785,0.525,0.147,2.2785,0.9975,10,1,1,2,0
1948.2308,11.04075,11.4765,0.504,0.291375,2.27325,0.9975,10,1,1,2,0
1948.2308,12.012,12.2745,0.483,0.43575,2.268,0.9975,10,1,1,2,0
1873.9801,12.98325,13.0725,0.462,0.580125,2.26275,0.9975,10,1,1,2,0
1863.636,13.9545,13.8705,0.441,0.7245,2.2575,0.9975,11,1,1,2,0
1823.552,14.58975,14.52675,0.42525,0.763875,2.286375,0.9975,11,1,1,2,0
1820.172,15.225,15.183,0.4095,0.80325,2.31525,0.9975,11,1,1,2,0
1798.0314,15.86025,15.83925,0.39375,0.842625,2.344125,0.9975,11,1,1,2,0
1711.5918,16.4955,16.4955,0.378,0.882,2.373,0.9975,12,1,1,2,0
1702.8672,17.023125,17.023125,0.3675,0.903,2.422875,1.000125,12,1,1,2,0
1689.1674,17.55075,17.55075,0.357,0.924,2.47275,1.00275,12,1,1,2,0
1672.1552,18.078375,18.078375,0.3465,0.945,2.522625,1.005375,12,1,1,2,0
1497.6456,18.606,18.606,0.336,0.966,2.5725,1.008,13,1,1,2,0
1497.6456,18.724125,18.724125,0.34125,1.225875,2.601375,1.010625,13,1,1,2,0
1497.6456,18.84225,18.84225,0.3465,1.48575,2.63025,1.01325,13,1,1,2,0
1479.043,18.960375,18.960375,0.35175,1.745625,2.659125,1.015875,13,1,1,2,0
1425.4431,19.0785,19.0785,0.357,2.0055,2.688,1.0185,14,1,1,2,0
1423.7493,19.002375,19.002375,0.3675,2.417625,2.680125,1.021125,14,1,1,2,0
1423.7493,18.92625,18.92625,0.378,2.82975,2.67225,1.02375,14,1,1,2,0
1453.0964,18.850125,18.850125,0.3885,3.241875,2.664375,1.026375,14,1,1,2,0
1438.0072,18.774,18.774,0.399,3.654,2.6565,1.029,15,1,1,2,0
1439.0934,18.7005,18.7005,0.4095,3.966375,2.604,1.029,15,1,1,2,0
1439.0934,18.627,18.627,0.42,4.27875,2.5515,1.029,15,1,1,2,0
1439.0934,18.5535,18.5535,0.4305,4.591125,2.499,1.029,15,1,1,2,0
1440.235,18.48,18.48,0.441,4.9035,2.4465,1.029,16,1,1,2,0
1440.235,18.220125,18.220125,0.45675,5.105625,2.3835,1.029,16,1,1,2,0
1462.3193,17.96025,17.96025,0.4725,5.30775,2.3205,1.029,16,1,1,2,0
1462.3193,17.700375,17.700375,0.48825,5.509875,2.2575,1.029,16,1,1,2,0
1481.0712,17.4405,17.4405,0.504,5.712,2.1945,1.029,17,1,1,2,0
1481.0712,17.248875,17.248875,0.517125,5.914125,2.128875,1.026375,17,1,1,2,0
1493.0919,17.05725,17.05725,0.53025,6.11625,2.06325,1.02375,17,1,1,2,0
1495.3805,16.865625,16.865625,0.543375,6.318375,1.997625,1.021125,17,1,1,2,0
1538.3671,16.674,16.674,0.5565,6.5205,1.932,1.0185,18,1,1,2,0
1537.9131,16.424625,16.424625,0.569625,6.638625,1.89525,1.0185,18,1,1,2,0
1545.2109,16.17525,16.17525,0.58275,6.75675,1.8585,1.0185,18,1,1,2,0
1545.2109,15.925875,15.925875,0.595875,6.874875,1.82175,1.0185,18,1,1,2,0
1531.015,15.6765,15.6765,0.609,6.993,1.785,1.0185,19,1,1,2,0
1539.5033,15.2775,15.2775,0.6195,6.91425,1.777125,1.015875,19,1,1,2,0
1542.475,14.8785,14.8785,0.63,6.8355,1.76925,1.01325,19,1,1,2,0
1542.475,14.4795,14.4795,0.6405,6.75675,1.761375,1.010625,19,1,1,2,0
1476.4027,14.0805,14.0805,0.651,6.678,1.7535,1.008,20,1,1,2,0
1476.4027,13.797,13.797,0.658875,6.570375,1.7325,0.994875,20,1,1,2,0
1478.7898,13.5135,13.5135,0.66675,6.46275,1.7115,0.98175,20,1,1,2,0
1486.7468,13.23,13.23,0.674625,6.355125,1.6905,0.968625,20,1,1,2,0
1397.5021,12.9465,12.9465,0.6825,6.2475,1.6695,0.9555,21,1,1,2,0
1379.961,12.765375,12.765375,0.685125,6.155625,1.640625,0.937125,21,1,1,2,0
1398.59,12.58425,12.58425,0.68775,6.06375,1.61175,0.91875,21,1,1,2,0
1398.59,12.403125,12.403125,0.690375,5.971875,1.582875,0.900375,21,1,1,2,0
1234.2196,12.222,12.222,0.693,5.88,1.554,0.882,22,1,1,2,0
1234.2196,12.061875,12.061875,0.695625,5.761875,1.530375,0.861,22,1,1,2,0
1231.0641,11.90175,11.90175,0.69825,5.64375,1.50675,0.84,22,1,1,2,0
1249.2202,11.741625,11.741625,0.700875,5.525625,1.483125,0.819,22,1,1,2,0
1077.3433,11.5815,11.5815,0.7035,5.4075,1.4595,0.798,23,1,1,2,0
1034.963,10.5,10.5,0.7035,8.1375,0.7875,0.5565,23,1,1,2,0
1030.8029,10.5,10.5,0.714,8.19,1.05,0.42,23,1,1,2,0
1026.5066,10.2375,10.2375,0.735,8.19,1.05,0.42,23,1,1,2,0
861.7723,24.318,24.3285,0.6405,16.0545,2.814,0.147,0,22,3,6,1
860.3542,24.11325,24.1185,0.653625,16.17,2.73525,0.126,0,22,3,6,1
849.31464,23.9085,23.9085,0.66675,16.2855,2.6565,0.105,0,22,3,6,1
834.6906,23.70375,23.6985,0.679875,16.401,2.57775,0.084,0,22,3,6,1
846.01996,23.499,23.4885,0.693,16.5165,2.499,0.063,1,22,3,6,1
813.8553,23.28375,23.265375,0.7035,16.550625,2.4255,0.049875,1,22,3,6,1
805.6128,23.0685,23.04225,0.714,16.58475,2.352,0.03675,1,22,3,6,1
805.6655,22.85325,22.819125,0.7245,16.618875,2.2785,0.023625,1,22,3,6,1
808.851,22.638,22.596,0.735,16.653,2.205,0.0105,2,22,3,6,1
792.4907,22.428,22.39125,0.742875,16.59525,2.1525,0.018375,2,22,3,6,1
789.1749,22.218,22.1865,0.75075,16.5375,2.1,0.02625,2,22,3,6,1
771.2584,22.008,21.98175,0.758625,16.47975,2.0475,0.034125,2,22,3,6,1
771.2584,21.798,21.777,0.7665,16.422,1.995,0.042,3,22,3,6,1
771.4578,21.74025,21.721875,0.7665,16.377375,1.966125,0.0735,3,22,3,6,1
771.3158,21.6825,21.66675,0.7665,16.33275,1.93725,0.105,3,22,3,6,1
771.3158,21.62475,21.611625,0.7665,16.288125,1.908375,0.1365,3,22,3,6,1
783.57764,21.567,21.5565,0.7665,16.2435,1.8795,0.168,4,22,3,6,1
783.57764,21.590625,21.580125,0.763875,16.24875,1.855875,0.20475,4,22,3,6,1
782.9042,21.61425,21.60375,0.76125,16.254,1.83225,0.2415,4,22,3,6,1
782.9042,21.637875,21.627375,0.758625,16.25925,1.808625,0.27825,4,22,3,6,1
868.3081,21.6615,21.651,0.756,16.2645,1.785,0.315,5,22,3,6,1
854.8478,21.711375,21.700875,0.756,16.26975,1.798125,0.343875,5,22,3,6,1
854.8478,21.76125,21.75075,0.756,16.275,1.81125,0.37275,5,22,3,6,1
861.83417,21.811125,21.800625,0.756,16.28025,1.824375,0.401625,5,22,3,6,1
1020.77344,21.861,21.8505,0.756,16.2855,1.8375,0.4305,6,22,3,6,1
1033.4651,22.029,22.01325,0.75075,16.361625,1.803375,0.462,6,22,3,6,1
1052.5518,22.197,22.176,0.7455,16.43775,1.76925,0.4935,6,22,3,6,1
1052.5518,22.365,22.33875,0.74025,16.513875,1.735125,0.525,6,22,3,6,1
1127.1543,22.533,22.5015,0.735,16.59,1.701,0.5565,7,22,3,6,1
1131.4163,22.81125,22.766625,0.72975,16.70025,1.60125,0.580125,7,22,3,6,1
1131.075,23.0895,23.03175,0.7245,16.8105,1.5015,0.60375,7,22,3,6,1
1139.1182,23.36775,23.296875,0.71925,16.92075,1.40175,0.627375,7,22,3,6,1
1182.5378,23.646,23.562,0.714,17.031,1.302,0.651,8,22,3,6,1
1184.6648,24.073875,23.9925,0.69825,17.070375,1.2285,0.651,8,22,3,6,1
1184.6648,24.50175,24.423,0.6825,17.10975,1.155,0.651,8,22,3,6,1
1184.6648,24.929625,24.8535,0.66675,17.149125,1.0815,0.651,8,22,3,6,1
1230.284,25.3575,25.284,0.651,17.1885,1.008,0.651,9,22,3,6,1
1230.284,25.97175,25.848375,0.63,17.1255,0.9555,0.622125,9,22,3,6,1
1227.1835,26.586,26.41275,0.609,17.0625,0.903,0.59325,9,22,3,6,1
1203.4678,27.20025,26.977125,0.588,16.9995,0.8505,0.564375,9,22,3,6,1
1237.6514,27.8145,27.5415,0.567,16.9365,0.798,0.5355,10,22,3,6,1
1239.2515,28.30275,28.04025,0.548625,16.844625,0.798,0.501375,10,22,3,6,1
1222.8057,28.791,28.539,0.53025,16.75275,0.798,0.46725,10,22,3,6,1
1234.2426,29.27925,29.03775,0.511875,16.660875,0.798,0.433125,10,22,3,6,1
1220.1653,29.7675,29.5365,0.4935,16.569,0.798,0.399,11,22,3,6,1
1213.771,30.0195,29.8515,0.47775,16.2855,0.910875,0.3675,11,22,3,6,1
1211.9172,30.2715,30.1665,0.462,16.002,1.02375,0.336,11,22,3,6,1
1213.4857,30.5235,30.4815,0.44625,15.7185,1.136625,0.3045,11,22,3,6,1
1194.3511,30.7755,30.7965,0.4305,15.435,1.2495,0.273,12,22,3,6,1
1207.8865,31.0485,31.06425,0.412125,14.868,1.467375,0.238875,12,22,3,6,1
1212.3267,31.3215,31.332,0.39375,14.301,1.68525,0.20475,12,22,3,6,1
1169.8319,31.5945,31.59975,0.375375,13.734,1.903125,0.170625,12,22,3,6,1
1128.7377,31.8675,31.8675,0.357,13.167,2.121,0.1365,13,22,3,6,1
1117.3253,32.085375,32.085375,0.34125,12.60525,2.34675,0.11025,13,22,3,6,1
1114.5175,32.30325,32.30325,0.3255,12.0435,2.5725,0.084,13,22,3,6,1
1119.8385,32.521125,32.521125,0.30975,11.48175,2.79825,0.05775,13,22,3,6,1
1084.0907,32.739,32.739,0.294,10.92,3.024,0.0315,14,22,3,6,1
1089.9656,32.87025,32.87025,0.286125,10.57875,3.1605,0.023625,14,22,3,6,1
1110.6063,33.0015,33.0015,0.27825,10.2375,3.297,0.01575,14,22,3,6,1
1105.9552,33.13275,33.13275,0.270375,9.89625,3.4335,0.007875,14,22,3,6,1
1098.1752,33.264,33.264,0.2625,9.555,3.57,0.0,15,22,3,6,1
1098.1752,33.22725,33.22725,0.2625,9.492,3.635625,0.0,15,22,3,6,1
1097.466,33.1905,33.1905,0.2625,9.429,3.70125,0.0,15,22,3,6,1
1097.466,33.15375,33.15375,0.2625,9.366,3.766875,0.0,15,22,3,6,1
1089.7628,33.117,33.117,0.2625,9.303,3.8325,0.0,16,22,3,6,1
1091.1323,32.977875,32.977875,0.2625,9.282,3.871875,0.00525,16,22,3,6,1
1066.2441,32.83875,32.83875,0.2625,9.261,3.91125,0.0105,16,22,3,6,1
1055.5339,32.699625,32.699625,0.2625,9.24,3.950625,0.01575,16,22,3,6,1
1074.537,32.5605,32.5605,0.2625,9.219,3.99,0.021,17,22,3,6,1
1080.262,32.311125,32.311125,0.273,9.573375,3.913875,0.055125,17,22,3,6,1
1064.3477,32.06175,32.06175,0.2835,9.92775,3.83775,0.08925,17,22,3,6,1
1065.2036,31.812375,31.812375,0.294,10.282125,3.761625,0.123375,17,22,3,6,1
1121.4353,31.563,31.563,0.3045,10.6365,3.6855,0.1575,18,22,3,6,1
1093.8,31.192875,31.192875,0.32025,11.08275,3.625125,0.21525,18,22,3,6,1
1079.0717,30.82275,30.82275,0.336,11.529,3.56475,0.273,18,22,3,6,1
1086.251,30.452625,30.452625,0.35175,11.97525,3.504375,0.33075,18,22,3,6,1
1162.1011,30.0825,30.0825,0.3675,12.4215,3.444,0.3885,19,22,3,6,1
1153.1265,29.72025,29.72025,0.378,12.4845,3.483375,0.448875,19,22,3,6,1
1132.8718,29.358,29.358,0.3885,12.5475,3.52275,0.50925,19,22,3,6,1
1066.2543,28.99575,28.99575,0.399,12.6105,3.562125,0.569625,19,22,3,6,1
1036.5437,28.6335,28.6335,0.4095,12.6735,3.6015,0.63,20,22,3,6,1
1036.4792,28.287,28.287,0.42,12.72075,3.562125,0.658875,20,22,3,6,1
1036.4792,27.9405,27.9405,0.4305,12.768,3.52275,0.68775,20,22,3,6,1
1040.9402,27.594,27.594,0.441,12.81525,3.483375,0.716625,20,22,3,6,1
1055.8123,27.2475,27.2475,0.4515,12.8625,3.444,0.7455,21,22,3,6,1
1047.7468,26.97975,26.97975,0.459375,12.964875,3.315375,0.742875,21,22,3,6,1
1046.9496,26.712,26.712,0.46725,13.06725,3.18675,0.74025,21,22,3,6,1
1048.7535,26.44425,26.44425,0.475125,13.169625,3.058125,0.737625,21,22,3,6,1
1024.6526,26.1765,26.1765,0.483,13.272,2.9295,0.735,22,22,3,6,1
1024.9835,25.956,25.956,0.496125,13.442625,2.795625,0.727125,22,22,3,6,1
1024.1243,25.7355,25.7355,0.50925,13.61325,2.66175,0.71925,22,22,3,6,1
1023.75287,25.515,25.515,0.522375,13.783875,2.527875,0.711375,22,22,3,6,1
961.6014,25.2945,25.2945,0.5355,13.9545,2.394,0.7035,23,22,3,6,1
1001.3052,25.4625,25.4625,0.609,13.0725,1.3125,0.504,23,22,3,6,1
953.75775,25.2,25.2,0.6195,13.23,1.05,0.5145,23,22,3,6,1
929.5719,24.9375,24.9375,0.63,13.4715,1.05,0.504,23,22,3,6,1
1426.4083,26.8065,26.8065,0.4305,11.697,1.26,0.0,0,5,10,0,0
1400.9243,26.586,26.586,0.433125,11.64975,1.3125,0.0,0,5,10,0,0
1371.1312,26.3655,26.3655,0.43575,11.6025,1.365,0.0,0,5,10,0,0
1371.1312,26.145,26.145,0.438375,11.55525,1.4175,0.0,0,5,10,0,0
1412.9204,25.9245,25.9245,0.441,11.508,1.47,0.0,1,5,10,0,0
1408.2517,25.738125,25.738125,0.44625,11.521125,1.53825,0.0,1,5,10,0,0
1376.4005,25.55175,25.55175,0.4515,11.53425,1.6065,0.0,1,5,10,0,0
1376.4005,25.365375,25.365375,0.45675,11.547375,1.67475,0.0,1,5,10,0,0
1363.3473,25.179,25.179,0.462,11.5605,1.743,0.0,2,5,10,0,0
1330.5006,24.945375,24.945375,0.469875,11.584125,1.785,0.0,2,5,10,0,0
1255.7463,24.71175,24.71175,0.47775,11.60775,1.827,0.0,2,5,10,0,0
1224.1937,24.478125,24.478125,0.485625,11.631375,1.869,0.0,2,5,10,0,0
1198.6611,24.2445,24.2445,0.4935,11.655,1.911,0.0,3,5,10,0,0
1198.6611,24.136875,24.136875,0.496125,11.62875,1.929375,0.0,3,5,10,0,0
1198.6611,24.02925,24.02925,0.49875,11.6025,1.94775,0.0,3,5,10,0,0
1160.5498,23.921625,23.921625,0.501375,11.57625,1.966125,0.0,3,5,10,0,0
1203.6276,23.814,23.814,0.504,11.55,1.9845,0.0,4,5,10,0,0
1203.6276,23.795625,23.795625,0.501375,11.437125,1.992375,0.0,4,5,10,0,0
1203.6276,23.77725,23.77725,0.49875,11.32425,2.00025,0.0,4,5,10,0,0
1203.6276,23.758875,23.758875,0.496125,11.211375,2.008125,0.0,4,5,10,0,0
1228.6283,23.7405,23.7405,0.4935,11.0985,2.016,0.0,5,5,10,0,0
1228.6283,23.772,23.772,0.49875,11.358375,2.09475,0.0,5,5,10,0,0
1228.6283,23.8035,23.8035,0.504,11.61825,2.1735,0.0,5,5,10,0,0
1233.7094,23.835,23.835,0.50925,11.878125,2.25225,0.0,5,5,10,0,0
1336.4641,23.8665,23.8665,0.5145,12.138,2.331,0.0,6,5,10,0,0
1348.5356,24.131625,24.131625,0.51975,12.48975,2.401875,0.0,6,5,10,0,0
1358.824,24.39675,24.39675,0.525,12.8415,2.47275,0.0,6,5,10,0,0
1373.0868,24.661875,24.661875,0.53025,13.19325,2.543625,0.0,6,5,10,0,0
1360.5288,24.927,24.927,0.5355,13.545,2.6145,0.0,7,5,10,0,0
1360.5288,25.25775,25.25775,0.527625,13.629,2.606625,0.0,7,5,10,0,0
1360.5288,25.5885,25.5885,0.51975,13.713,2.59875,0.0,7,5,10,0,0
1371.8016,25.91925,25.91925,0.511875,13.797,2.590875,0.0,7,5,10,0,0
1379.673,26.25,26.25,0.504,13.881,2.583,0.0,8,5,10,0,0
1397.4424,26.754,26.754,0.48825,13.776,2.61975,0.0,8,5,10,0,0
1452.5188,27.258,27.258,0.4725,13.671,2.6565,0.0,8,5,10,0,0
1482.1737,27.762,27.762,0.45675,13.566,2.69325,0.0,8,5,10,0,0
1504.1312,28.266,28.266,0.441,13.461,2.73,0.0,9,5,10,0,0
1472.2407,29.014125,29.014125,0.41475,13.043625,2.811375,0.0,9,5,10,0,0
1466.2378,29.76225,29.76225,0.3885,12.62625,2.89275,0.0,9,5,10,0,0
1475.175,30.510375,30.510375,0.36225,12.208875,2.974125,0.0,9,5,10,0,0
1478.8774,31.2585,31.2585,0.336,11.7915,3.0555,0.0,10,5,10,0,0
1478.55,31.912125,31.912125,0.315,11.279625,3.257625,0.0,10,5,10,0,0
1501.4617,32.56575,32.56575,0.294,10.76775,3.45975,0.0,10,5,10,0,0
1534.2626,33.219375,33.219375,0.273,10.255875,3.661875,0.0,10,5,10,0,0
1553.3595,33.873,33.873,0.252,9.744,3.864,0.0,11,5,10,0,0
1582.6329,34.314,34.314,0.238875,9.2505,4.02675,0.0,11,5,10,0,0
1594.7875,34.755,34.755,0.22575,8.757,4.1895,0.0,11,5,10,0,0
1619.5553,35.196,35.196,0.212625,8.2635,4.35225,0.0,11,5,10,0,0
1599.8563,35.637,35.637,0.1995,7.77,4.515,0.0,12,5,10,0,0
1626.4252,35.91,35.91,0.191625,7.3605,4.475625,0.0,12,5,10,0,0
1645.9476,36.183,36.183,0.18375,6.951,4.43625,0.0,12,5,10,0,0
1660.9198,36.456,36.456,0.175875,6.5415,4.396875,0.0,12,5,10,0,0
1686.0829,36.729,36.729,0.168,6.132,4.3575,0.0,13,5,10,0,0
1684.3749,36.773625,36.773625,0.168,5.94825,4.307625,0.0,13,5,10,0,0
1684.3749,36.81825,36.81825,0.168,5.7645,4.25775,0.0,13,5,10,0,0
1681.3029,36.862875,36.862875,0.168,5.58075,4.207875,0.0,13,5,10,0,0
1646.096,36.9075,36.9075,0.168,5.397,4.158,0.0,14,5,10,0,0
1646.096,36.852375,36.852375,0.168,5.394375,4.155375,0.0,14,5,10,0,0
1646.096,36.79725,36.79725,0.168,5.39175,4.15275,0.0,14,5,10,0,0
1646.096,36.742125,36.742125,0.168,5.389125,4.150125,0.0,14,5,10,0,0
1646.096,36.687,36.687,0.168,5.3865,4.1475,0.0,15,5,10,0,0
1611.4268,36.652875,36.652875,0.170625,5.54925,4.15275,0.0,15,5,10,0,0
1611.4268,36.61875,36.61875,0.17325,5.712,4.158,0.0,15,5,10,0,0
1614.4988,36.584625,36.584625,0.175875,5.87475,4.16325,0.0,15,5,10,0,0
1627.3497,36.5505,36.5505,0.1785,6.0375,4.1685,0.0,16,5,10,0,0
1615.6404,36.44025,36.44025,0.181125,6.32625,4.13175,0.0,16,5,10,0,0
1615.6404,36.33,36.33,0.18375,6.615,4.095,0.0,16,5,10,0,0
1615.6404,36.21975,36.21975,0.186375,6.90375,4.05825,0.0,16,5,10,0,0
1616.8629,36.1095,36.1095,0.189,7.1925,4.0215,0.0,17,5,10,0,0
1586.4618,35.83125,35.83125,0.1995,7.730625,3.969,0.0,17,5,10,0,0
1581.5122,35.553,35.553,0.21,8.26875,3.9165,0.0,17,5,10,0,0
1554.3383,35.27475,35.27475,0.2205,8.806875,3.864,0.0,17,5,10,0,0
1599.4069,34.9965,34.9965,0.231,9.345,3.8115,0.0,18,5,10,0,0
1580.9427,34.55025,34.55025,0.2415,9.66,3.654,0.0,18,5,10,0,0
1580.9427,34.104,34.104,0.252,9.975,3.4965,0.0,18,5,10,0,0
1566.9728,33.65775,33.65775,0.2625,10.29,3.339,0.0,18,5,10,0,0
1677.7731,33.2115,33.2115,0.273,10.605,3.1815,0.0,19,5,10,0,0
1664.4624,32.74425,32.74425,0.2835,10.670625,2.900625,0.0,19,5,10,0,0
1642.9297,32.277,32.277,0.294,10.73625,2.61975,0.0,19,5,10,0,0
1642.271,31.80975,31.80975,0.3045,10.801875,2.338875,0.0,19,5,10,0,0
1575.0116,31.3425,31.3425,0.315,10.8675,2.058,0.0,20,5,10,0,0
1564.7366,30.99075,30.99075,0.322875,10.94625,1.9215,0.0,20,5,10,0,0
1564.7366,30.639,30.639,0.33075,11.025,1.785,0.0,20,5,10,0,0
1558.6143,30.28725,30.28725,0.338625,11.10375,1.6485,0.0,20,5,10,0,0
1577.8466,29.9355,29.9355,0.3465,11.1825,1.512,0.0,21,5,10,0,0
1568.4694,29.722875,29.722875,0.3465,10.985625,1.575,0.0,21,5,10,0,0
1568.4694,29.51025,29.51025,0.3465,10.78875,1.638,0.0,21,5,10,0,0
1543.6549,29.297625,29.297625,0.3465,10.591875,1.701,0.0,21,5,10,0,0
1636.2559,29.085,29.085,0.3465,10.395,1.764,0.0,22,5,10,0,0
1613.7886,28.896,28.896,0.3465,10.29525,1.861125,0.0,22,5,10,0,0
1594.8514,28.707,28.707,0.3465,10.1955,1.95825,0.0,22,5,10,0,0
1570.2803,28.518,28.518,0.3465,10.09575,2.055375,0.0,22,5,10,0,0
1590.318,28.329,28.329,0.3465,9.996,2.1525,0.0,23,5,10,0,0
1637.2997,28.6125,28.35,0.5145,12.0015,1.05,0.0,23,5,10,0,0
1618.1262,28.35,28.35,0.5145,12.075,1.05,0.0,23,5,10,0,0
1618.1262,27.825,27.825,0.525,12.2115,1.05,0.0,23,5,10,0,0
1541.0225,27.0375,27.0375,0.3675,9.8175,1.911,0.0,0,6,10,1,0
1424.5529,26.788125,26.788125,0.37275,9.793875,1.869,0.0,0,6,10,1,0
1386.657,26.53875,26.53875,0.378,9.77025,1.827,0.0,0,6,10,1,0
1369.2758,26.289375,26.289375,0.38325,9.746625,1.785,0.0,0,6,10,1,0
1414.5739,26.04,26.04,0.3885,9.723,1.743,0.0,1,6,10,1,0
1411.065,25.7985,25.7985,0.396375,9.765,1.701,0.0,1,6,10,1,0
1374.545,25.557,25.557,0.40425,9.807,1.659,0.0,1,6,10,1,0
1359.083,25.3155,25.3155,0.412125,9.849,1.617,0.0,1,6,10,1,0
1328.6451,25.074,25.074,0.42,9.891,1.575,0.0,2,6,10,1,0
1328.6451,24.822,24.822,0.427875,9.940875,1.54875,0.0,2,6,10,1,0
1237.0104,24.57,24.57,0.43575,9.99075,1.5225,0.0,2,6,10,1,0
1195.044,24.318,24.318,0.443625,10.040625,1.49625,0.0,2,6,10,1,0
1196.8057,24.066,24.066,0.4515,10.0905,1.47,0.0,3,6,10,1,0
1141.1102,23.793,23.793,0.459375,10.1325,1.45425,0.0,3,6,10,1,0
1104.8289,23.52,23.52,0.46725,10.1745,1.4385,0.0,3,6,10,1,0
1047.4022,23.247,23.247,0.475125,10.2165,1.42275,0.0,3,6,10,1,0
1120.3735,22.974,22.974,0.483,10.2585,1.407,0.0,4,6,10,1,0
1094.9775,22.876875,22.876875,0.483,10.17975,1.393875,0.0,4,6,10,1,0
1094.9775,22.77975,22.77975,0.483,10.101,1.38075,0.0,4,6,10,1,0
1094.9775,22.682625,22.682625,0.483,10.02225,1.367625,0.0,4,6,10,1,0
1168.5576,22.5855,22.5855,0.483,9.9435,1.3545,0.0,5,6,10,1,0
1168.5576,22.645875,22.645875,0.490875,10.250625,1.42275,0.0,5,6,10,1,0
1168.5576,22.70625,22.70625,0.49875,10.55775,1.491,0.0,5,6,10,1,0
1168.5576,22.766625,22.766625,0.506625,10.864875,1.55925,0.0,5,6,10,1,0
1311.8857,22.827,22.827,0.5145,11.172,1.6275,0.0,6,6,10,1,0
1311.8857,22.903125,22.903125,0.527625,11.610375,1.69575,0.0,6,6,10,1,0
1323.1139,22.97925,22.97925,0.54075,12.04875,1.764,0.0,6,6,10,1,0
1323.1139,23.055375,23.055375,0.553875,12.487125,1.83225,0.0,6,6,10,1,0
1346.6018,23.1315,23.1315,0.567,12.9255,1.9005,0.0,7,6,10,1,0
1346.6018,23.454375,23.454375,0.5565,12.901875,1.908375,0.0,7,6,10,1,0
1346.6018,23.77725,23.77725,0.546,12.87825,1.91625,0.0,7,6,10,1,0
1358.0146,24.100125,24.100125,0.5355,12.854625,1.924125,0.0,7,6,10,1,0
1365.886,24.423,24.423,0.525,12.831,1.932,0.0,8,6,10,1,0
1365.886,25.19475,25.19475,0.49875,12.623625,1.987125,0.0,8,6,10,1,0
1377.1588,25.9665,25.9665,0.4725,12.41625,2.04225,0.0,8,6,10,1,0
1394.9282,26.73825,26.73825,0.44625,12.208875,2.097375,0.0,8,6,10,1,0
1474.9878,27.51,27.51,0.42,12.0015,2.1525,0.0,9,6,10,1,0
1469.3152,28.399875,28.399875,0.391125,11.505375,2.228625,0.0,9,6,10,1,0
1458.0219,29.28975,29.28975,0.36225,11.00925,2.30475,0.0,9,6,10,1,0
1448.8544,30.179625,30.179625,0.333375,10.513125,2.380875,0.0,9,6,10,1,0
1478.5701,31.0695,31.0695,0.3045,10.017,2.457,0.0,10,6,10,1,0
1478.2427,31.723125,31.723125,0.2835,9.429,2.58825,0.0,10,6,10,1,0
1499.907,32.37675,32.37675,0.2625,8.841,2.7195,0.0,10,6,10,1,0
1525.743,33.030375,33.030375,0.2415,8.253,2.85075,0.0,10,6,10,1,0
1543.6371,33.684,33.684,0.2205,7.665,2.982,0.0,11,6,10,1,0
1578.8068,34.1355,34.1355,0.21,7.216125,3.115875,0.0,11,6,10,1,0
1578.8068,34.587,34.587,0.1995,6.76725,3.24975,0.0,11,6,10,1,0
1579.2521,35.0385,35.0385,0.189,6.318375,3.383625,0.0,11,6,10,1,0
1529.9581,35.49,35.49,0.1785,5.8695,3.5175,0.0,12,6,10,1,0
1573.2063,35.797125,35.797125,0.17325,5.588625,3.588375,0.0,12,6,10,1,0
1601.1884,36.10425,36.10425,0.168,5.30775,3.65925,0.0,12,6,10,1,0
1617.3632,36.411375,36.411375,0.16275,5.026875,3.730125,0.0,12,6,10,1,0
1632.8947,36.7185,36.7185,0.1575,4.746,3.801,0.0,13,6,10,1,0
1632.8947,36.81825,36.81825,0.1575,4.7565,3.877125,0.0,13,6,10,1,0
1632.8947,36.918,36.918,0.1575,4.767,3.95325,0.0,13,6,10,1,0
1660.341,37.01775,37.01775,0.1575,4.7775,4.029375,0.0,13,6,10,1,0
1645.2389,37.1175,37.1175,0.1575,4.788,4.1055,0.0,14,6,10,1,0
1645.2389,37.107,37.107,0.154875,4.580625,4.15275,0.0,14,6,10,1,0
1656.9482,37.0965,37.0965,0.15225,4.37325,4.2,0.0,14,6,10,1,0
1656.9482,37.086,37.086,0.149625,4.165875,4.24725,0.0,14,6,10,1,0
1638.4395,37.0755,37.0755,0.147,3.9585,4.2945,0.0,15,6,10,1,0
1656.9482,37.086,37.086,0.149625,4.305,4.25775,0.0,15,6,10,1,0
1656.9482,37.0965,37.0965,0.15225,4.6515,4.221,0.0,15,6,10,1,0
1656.9482,37.107,37.107,0.154875,4.998,4.18425,0.0,15,6,10,1,0
1646.3805,37.1175,37.1175,0.1575,5.3445,4.1475,0.0,16,6,10,1,0
1640.0333,36.946875,36.946875,0.170625,6.174,4.060875,0.0,16,6,10,1,0
1640.0333,36.77625,36.77625,0.18375,7.0035,3.97425,0.0,16,6,10,1,0
1596.9686,36.605625,36.605625,0.196875,7.833,3.887625,0.0,16,6,10,1,0
1613.9313,36.435,36.435,0.21,8.6625,3.801,0.0,17,6,10,1,0
1620.374,35.991375,35.991375,0.22575,9.282,3.745875,0.0,17,6,10,1,0
1548.2112,35.54775,35.54775,0.2415,9.9015,3.69075,0.0,17,6,10,1,0
1535.7112,35.104125,35.104125,0.25725,10.521,3.635625,0.0,17,6,10,1,0
1596.1891,34.6605,34.6605,0.273,11.1405,3.5805,0.0,18,6,10,1,0
1595.7439,34.0935,34.0935,0.286125,11.45025,3.444,0.0,18,6,10,1,0
1554.6589,33.5265,33.5265,0.29925,11.76,3.3075,0.0,18,6,10,1,0
1599.8423,32.9595,32.9595,0.312375,12.06975,3.171,0.0,18,6,10,1,0
1680.5326,32.3925,32.3925,0.3255,12.3795,3.0345,0.0,19,6,10,1,0
1658.9999,31.901625,31.901625,0.333375,12.36375,2.774625,0.0,19,6,10,1,0
1593.0365,31.41075,31.41075,0.34125,12.348,2.51475,0.0,19,6,10,1,0
1582.1028,30.919875,30.919875,0.349125,12.33225,2.254875,0.0,19,6,10,1,0
1580.8068,30.429,30.429,0.357,12.3165,1.995,0.0,20,6,10,1,0
1577.2012,30.100875,30.100875,0.370125,12.476625,1.792875,0.0,20,6,10,1,0
1567.3264,29.77275,29.77275,0.38325,12.63675,1.59075,0.0,20,6,10,1,0
1566.2563,29.444625,29.444625,0.396375,12.796875,1.388625,0.0,20,6,10,1,0
1579.47,29.1165,29.1165,0.4095,12.957,1.1865,0.0,21,6,10,1,0
1541.2888,28.909125,28.909125,0.4095,12.7785,1.071,0.0,21,6,10,1,0
1516.4935,28.70175,28.70175,0.4095,12.6,0.9555,0.0,21,6,10,1,0
1486.6548,28.494375,28.494375,0.4095,12.4215,0.84,0.0,21,6,10,1,0
1604.4247,28.287,28.287,0.4095,12.243,0.7245,0.0,22,6,10,1,0
1599.027,28.12425,28.12425,0.406875,11.993625,0.674625,0.0,22,6,10,1,0
1585.2716,27.9615,27.9615,0.40425,11.74425,0.62475,0.0,22,6,10,1,0
1585.2716,27.79875,27.79875,0.401625,11.494875,0.574875,0.0,22,6,10,1,0
1516.6622,27.636,27.636,0.399,11.2455,0.525,0.0,23,6,10,1,0
1610.285,28.875,27.5625,0.5775,12.159,0.0,0.0,23,6,10,1,0
1538.9834,28.35,27.3,0.5775,12.18,0.0,0.0,23,6,10,1,0
1534.1227,27.825,27.0375,0.5985,12.4425,0.0,0.0,23,6,10,1,0
1530.3059,26.4075,26.4075,0.504,14.0595,0.42,0.0,0,7,10,2,0
1530.3059,26.137125,26.137125,0.511875,14.08575,0.46725,0.0,0,7,10,2,0
1499.5212,25.86675,25.86675,0.51975,14.112,0.5145,0.0,0,7,10,2,0
1421.8768,25.596375,25.596375,0.527625,14.13825,0.56175,0.0,0,7,10,2,0
1433.243,25.326,25.326,0.5355,14.1645,0.609,0.0,1,7,10,2,0
1433.243,25.10025,25.10025,0.54075,14.091,0.65625,0.0,1,7,10,2,0
1409.2241,24.8745,24.8745,0.546,14.0175,0.7035,0.0,1,7,10,2,0
1326.0558,24.64875,24.64875,0.55125,13.944,0.75075,0.0,1,7,10,2,0
1295.9369,24.423,24.423,0.5565,13.8705,0.798,0.0,2,7,10,2,0
1268.6426,24.213,24.213,0.56175,13.825875,0.84,0.0,2,7,10,2,0
1229.9955,24.003,24.003,0.567,13.78125,0.882,0.0,2,7,10,2,0
1212.4114,23.793,23.793,0.57225,13.736625,0.924,0.0,2,7,10,2,0
1168.694,23.583,23.583,0.5775,13.692,0.966,0.0,3,7,10,2,0
1168.694,23.3625,23.3625,0.58275,13.631625,0.979125,0.0,3,7,10,2,0
1108.0842,23.142,23.142,0.588,13.57125,0.99225,0.0,3,7,10,2,0
1082.6884,22.9215,22.9215,0.59325,13.510875,1.005375,0.0,3,7,10,2,0
1138.5543,22.701,22.701,0.5985,13.4505,1.0185,0.0,4,7,10,2,0
1138.5543,22.6275,22.6275,0.5985,13.395375,1.02375,0.0,4,7,10,2,0
1138.5543,22.554,22.554,0.5985,13.34025,1.029,0.0,4,7,10,2,0
1086.5553,22.4805,22.4805,0.5985,13.285125,1.03425,0.0,4,7,10,2,0
1177.684,22.407,22.407,0.5985,13.23,1.0395,0.0,5,7,10,2,0
1177.684,22.462125,22.462125,0.601125,13.321875,1.1025,0.0,5,7,10,2,0
1212.1344,22.51725,22.51725,0.60375,13.41375,1.1655,0.0,5,7,10,2,0
1212.1344,22.572375,22.572375,0.606375,13.505625,1.2285,0.0,5,7,10,2,0
1340.3657,22.6275,22.6275,0.609,13.5975,1.2915,0.0,6,7,10,2,0
1340.3657,22.7325,22.7325,0.611625,13.741875,1.323,0.0,6,7,10,2,0
1340.3657,22.8375,22.8375,0.61425,13.88625,1.3545,0.0,6,7,10,2,0
1348.3889,22.9425,22.9425,0.616875,14.030625,1.386,0.0,6,7,10,2,0
1361.4512,23.0475,23.0475,0.6195,14.175,1.4175,0.0,7,7,10,2,0
1361.4512,23.44125,23.44125,0.611625,14.361375,1.367625,0.0,7,7,10,2,0
1361.4512,23.835,23.835,0.60375,14.54775,1.31775,0.0,7,7,10,2,0
1372.864,24.22875,24.22875,0.595875,14.734125,1.267875,0.0,7,7,10,2,0
1380.7354,24.6225,24.6225,0.588,14.9205,1.218,0.0,8,7,10,2,0
1380.7354,25.375875,25.375875,0.567,14.994,1.199625,0.0,8,7,10,2,0
1392.0082,26.12925,26.12925,0.546,15.0675,1.18125,0.0,8,7,10,2,0
1439.5391,26.882625,26.882625,0.525,15.141,1.162875,0.0,8,7,10,2,0
1516.0425,27.636,27.636,0.504,15.2145,1.1445,0.0,9,7,10,2,0
1520.2319,28.54425,28.54425,0.469875,14.686875,1.13925,0.0,9,7,10,2,0
1507.3401,29.4525,29.4525,0.43575,14.15925,1.134,0.0,9,7,10,2,0
1505.587,30.36075,30.36075,0.401625,13.631625,1.12875,0.0,9,7,10,2,0
1510.3804,31.269,31.269,0.3675,13.104,1.1235,0.0,10,7,10,2,0
1513.9492,32.001375,32.001375,0.343875,12.576375,1.12875,0.0,10,7,10,2,0
1527.9492,32.73375,32.73375,0.32025,12.04875,1.134,0.0,10,7,10,2,0
1534.805,33.466125,33.466125,0.296625,11.521125,1.13925,0.0,10,7,10,2,0
1598.4977,34.1985,34.1985,0.273,10.9935,1.1445,0.0,11,7,10,2,0
1581.841,34.57125,34.57125,0.2625,10.59975,1.246875,0.0,11,7,10,2,0
1578.5206,34.944,34.944,0.252,10.206,1.34925,0.0,11,7,10,2,0
1578.5206,35.31675,35.31675,0.2415,9.81225,1.451625,0.0,11,7,10,2,0
1580.163,35.6895,35.6895,0.231,9.4185,1.554,0.0,12,7,10,2,0
1583.3704,35.9835,35.9835,0.217875,8.82525,1.787625,0.0,12,7,10,2,0
1597.5746,36.2775,36.2775,0.20475,8.232,2.02125,0.0,12,7,10,2,0
1597.5746,36.5715,36.5715,0.191625,7.63875,2.254875,0.0,12,7,10,2,0
1629.7444,36.8655,36.8655,0.1785,7.0455,2.4885,0.0,13,7,10,2,0
1629.7444,36.973125,36.973125,0.17325,6.685875,2.674875,0.0,13,7,10,2,0
1657.1907,37.08075,37.08075,0.168,6.32625,2.86125,0.0,13,7,10,2,0
1666.7069,37.188375,37.188375,0.16275,5.966625,3.047625,0.0,13,7,10,2,0
1638.9012,37.296,37.296,0.1575,5.607,3.234,0.0,14,7,10,2,0
1638.9012,37.219875,37.219875,0.160125,5.66475,3.331125,0.0,14,7,10,2,0
1648.5328,37.14375,37.14375,0.16275,5.7225,3.42825,0.0,14,7,10,2,0
1651.7577,37.067625,37.067625,0.165375,5.78025,3.525375,0.0,14,7,10,2,0
1651.7577,36.9915,36.9915,0.168,5.838,3.6225,0.0,15,7,10,2,0
1650.9974,36.999375,36.999375,0.17325,6.297375,3.5805,0.00525,15,7,10,2,0
1650.9974,37.00725,37.00725,0.1785,6.75675,3.5385,0.0105,15,7,10,2,0
1650.8446,37.015125,37.015125,0.18375,7.216125,3.4965,0.01575,15,7,10,2,0
1651.9862,37.023,37.023,0.189,7.6755,3.4545,0.021,16,7,10,2,0
1624.5399,36.90225,36.90225,0.196875,8.208375,3.30225,0.02625,16,7,10,2,0
1625.3079,36.7815,36.7815,0.20475,8.74125,3.15,0.0315,16,7,10,2,0
1605.2833,36.66075,36.66075,0.212625,9.274125,2.99775,0.03675,16,7,10,2,0
1627.5927,36.54,36.54,0.2205,9.807,2.8455,0.042,17,7,10,2,0
1613.2836,36.11475,36.11475,0.233625,10.219125,2.769375,0.055125,17,7,10,2,0
1580.665,35.6895,35.6895,0.24675,10.63125,2.69325,0.06825,17,7,10,2,0
1550.1827,35.26425,35.26425,0.259875,11.043375,2.617125,0.081375,17,7,10,2,0
1593.3716,34.839,34.839,0.273,11.4555,2.541,0.0945,18,7,10,2,0
1601.2769,34.2405,34.2405,0.280875,11.50275,2.5305,0.11025,18,7,10,2,0
1560.9061,33.642,33.642,0.28875,11.55,2.52,0.126,18,7,10,2,0
1550.4478,33.0435,33.0435,0.296625,11.59725,2.5095,0.14175,18,7,10,2,0
1663.0447,32.445,32.445,0.3045,11.6445,2.499,0.1575,19,7,10,2,0
1640.133,31.896375,31.896375,0.317625,11.678625,2.457,0.170625,19,7,10,2,0
1574.1697,31.34775,31.34775,0.33075,11.71275,2.415,0.18375,19,7,10,2,0
1563.236,30.799125,30.799125,0.343875,11.746875,2.373,0.196875,19,7,10,2,0
1555.8176,30.2505,30.2505,0.357,11.781,2.331,0.21,20,7,10,2,0
1562.683,29.922375,29.922375,0.364875,11.872875,2.260125,0.21525,20,7,10,2,0
1556.7358,29.59425,29.59425,0.37275,11.96475,2.18925,0.2205,20,7,10,2,0
1556.1201,29.266125,29.266125,0.380625,12.056625,2.118375,0.22575,20,7,10,2,0
1540.7284,28.938,28.938,0.3885,12.1485,2.0475,0.231,21,7,10,2,0
1521.0283,28.751625,28.751625,0.39375,12.172125,1.953,0.22575,21,7,10,2,0
1492.8602,28.56525,28.56525,0.399,12.19575,1.8585,0.2205,21,7,10,2,0
1492.8602,28.378875,28.378875,0.40425,12.219375,1.764,0.21525,21,7,10,2,0
1608.0691,28.1925,28.1925,0.4095,12.243,1.6695,0.21,22,7,10,2,0
1608.0691,27.990375,27.990375,0.417375,12.38475,1.561875,0.1995,22,7,10,2,0
1608.0691,27.78825,27.78825,0.42525,12.5265,1.45425,0.189,22,7,10,2,0
1525.4807,27.586125,27.586125,0.433125,12.66825,1.346625,0.1785,22,7,10,2,0
1503.8256,27.384,27.384,0.441,12.81,1.239,0.168,23,7,10,2,0
1693.4441,29.6625,28.6125,0.3045,12.0225,1.05,0.0105,23,7,10,2,0
1703.8795,29.4,28.35,0.3045,12.075,1.05,0.0,23,7,10,2,0
1703.8795,29.1375,28.0875,0.315,12.2325,1.05,0.0,23,7,10,2,0
